{"caption":"","gates":[{"x":"540","y":"210","direction":"0","inputCount":"2","outputCount":"1","logicFunction":"\"and\"","outputsInv":"[false]","inputsInv":"[false,false]"}],"outputs":[{"x":"690","y":"240","colr":"0","lbl":"1"}],"inputs":[{"x":"435","y":"225","framecount":"-1","clock":"false"}],"wires":[{"x1":"450","y1":"240","x2":"540"},{"x1":"480","y1":"270","x2":"540"},{"x1":"480","y1":"240","y2":"270"},{"x1":"600","y1":"240","x2":"690"}],"conpoints":[{"x":"480","y":"240"}],"diodes":[],"customs":[],"labels":[],"segDisplays":[]}