{
  "caption": "MUX",
  "gates": [
    {
      "x": "870",
      "y": "270",
      "direction": "0",
      "inputCount": "2",
      "outputCount": "1",
      "logicFunction": "\"and\"",
      "outputsInv": "[false]",
      "inputsInv": "[true,false]"
    },
    {
      "x": "870",
      "y": "330",
      "direction": "0",
      "inputCount": "2",
      "outputCount": "1",
      "logicFunction": "\"and\"",
      "outputsInv": "[false]",
      "inputsInv": "[false,false]"
    },
    {
      "x": "990",
      "y": "270",
      "direction": "0",
      "inputCount": "2",
      "outputCount": "1",
      "logicFunction": "\"or\"",
      "outputsInv": "[false]",
      "inputsInv": "[false,false]"
    }
  ],
  "outputs": [
    {
      "x": "1080",
      "y": "300",
      "colr": "0"
    }
  ],
  "inputs": [
    {
      "x": "825",
      "y": "255",
      "istop": "true",
      "lbl": "2º",
      "framecount": "-1",
      "clock": "false"
    },
    {
      "x": "795",
      "y": "315",
      "lbl": "0",
      "framecount": "-1",
      "clock": "false"
    },
    {
      "x": "795",
      "y": "345",
      "lbl": "1",
      "framecount": "-1",
      "clock": "false"
    }
  ],
  "segments": [],
  "wires": [
    {
      "x1": "840",
      "y1": "300",
      "x2": "870"
    },
    {
      "x1": "840",
      "y1": "390",
      "x2": "870"
    },
    {
      "x1": "930",
      "y1": "360",
      "x2": "960"
    },
    {
      "x1": "960",
      "y1": "330",
      "y2": "360"
    },
    {
      "x1": "960",
      "y1": "330",
      "x2": "990"
    },
    {
      "x1": "1050",
      "y1": "300",
      "x2": "1080"
    },
    {
      "x1": "810",
      "y1": "330",
      "x2": "870"
    },
    {
      "x1": "810",
      "y1": "360",
      "x2": "870"
    },
    {
      "x1": "930",
      "y1": "300",
      "x2": "990"
    },
    {
      "x1": "840",
      "y1": "270",
      "y2": "390"
    }
  ],
  "conpoints": [
    {
      "x": "840",
      "y": "300"
    }
  ],
  "diodes": [],
  "customs": [],
  "labels": [],
  "segDisplays": []
}
