{
  "caption": "DEMUX",
  "gates": [
    {
      "x": "870",
      "y": "270",
      "direction": "0",
      "inputCount": "3",
      "outputCount": "1",
      "logicFunction": "\"and\"",
      "outputsInv": "[false]",
      "inputsInv": "[true,true,false]"
    },
    {
      "x": "870",
      "y": "390",
      "direction": "0",
      "inputCount": "3",
      "outputCount": "1",
      "logicFunction": "\"and\"",
      "outputsInv": "[false]",
      "inputsInv": "[false,true,false]"
    },
    {
      "x": "870",
      "y": "510",
      "direction": "0",
      "inputCount": "3",
      "outputCount": "1",
      "logicFunction": "\"and\"",
      "outputsInv": "[false]",
      "inputsInv": "[true,false,false]"
    },
    {
      "x": "870",
      "y": "630",
      "direction": "0",
      "inputCount": "3",
      "outputCount": "1",
      "logicFunction": "\"and\"",
      "outputsInv": "[false]",
      "inputsInv": "[false,false,false]"
    }
  ],
  "outputs": [
    {
      "x": "990",
      "y": "300",
      "colr": "0",
      "lbl": "0"
    },
    {
      "x": "990",
      "y": "420",
      "colr": "0",
      "lbl": "1"
    },
    {
      "x": "990",
      "y": "540",
      "colr": "0",
      "lbl": "2"
    },
    {
      "x": "990",
      "y": "660",
      "colr": "0",
      "lbl": "3"
    }
  ],
  "inputs": [
    {
      "x": "795",
      "y": "225",
      "istop": "true",
      "lbl": "2¹",
      "framecount": "-1",
      "clock": "false"
    },
    {
      "x": "825",
      "y": "225",
      "istop": "true",
      "lbl": "2º",
      "framecount": "-1",
      "clock": "false"
    },
    {
      "x": "765",
      "y": "225",
      "framecount": "-1",
      "clock": "false"
    }
  ],
  "segments": [],
  "wires": [
    {
      "x1": "840",
      "y1": "300",
      "x2": "870"
    },
    {
      "x1": "840",
      "y1": "420",
      "x2": "870"
    },
    {
      "x1": "840",
      "y1": "540",
      "x2": "870"
    },
    {
      "x1": "840",
      "y1": "660",
      "x2": "870"
    },
    {
      "x1": "810",
      "y1": "690",
      "x2": "870"
    },
    {
      "x1": "810",
      "y1": "330",
      "x2": "870"
    },
    {
      "x1": "810",
      "y1": "450",
      "x2": "870"
    },
    {
      "x1": "810",
      "y1": "570",
      "x2": "870"
    },
    {
      "x1": "930",
      "y1": "300",
      "x2": "990"
    },
    {
      "x1": "930",
      "y1": "420",
      "x2": "990"
    },
    {
      "x1": "930",
      "y1": "540",
      "x2": "990"
    },
    {
      "x1": "930",
      "y1": "660",
      "x2": "990"
    },
    {
      "x1": "780",
      "y1": "360",
      "x2": "870"
    },
    {
      "x1": "780",
      "y1": "480",
      "x2": "870"
    },
    {
      "x1": "780",
      "y1": "600",
      "x2": "870"
    },
    {
      "x1": "780",
      "y1": "720",
      "x2": "870"
    },
    {
      "x1": "840",
      "y1": "240",
      "y2": "660"
    },
    {
      "x1": "810",
      "y1": "240",
      "y2": "690"
    },
    {
      "x1": "780",
      "y1": "240",
      "y2": "720"
    }
  ],
  "conpoints": [
    {
      "x": "840",
      "y": "300"
    },
    {
      "x": "840",
      "y": "420"
    },
    {
      "x": "840",
      "y": "540"
    },
    {
      "x": "810",
      "y": "330"
    },
    {
      "x": "810",
      "y": "450"
    },
    {
      "x": "810",
      "y": "570"
    },
    {
      "x": "780",
      "y": "360"
    },
    {
      "x": "780",
      "y": "480"
    },
    {
      "x": "780",
      "y": "600"
    }
  ],
  "diodes": [],
  "customs": [],
  "labels": [],
  "segDisplays": []
}
