{
  "caption": "DecoderOld",
  "gates": [
    {
      "x": "990",
      "y": "270",
      "direction": "0",
      "inputCount": "2",
      "outputCount": "1",
      "logicFunction": "\"and\"",
      "outputsInv": "[false]",
      "inputsInv": "[true,true]"
    },
    {
      "x": "990",
      "y": "330",
      "direction": "0",
      "inputCount": "2",
      "outputCount": "1",
      "logicFunction": "\"and\"",
      "outputsInv": "[false]",
      "inputsInv": "[false,true]"
    },
    {
      "x": "990",
      "y": "390",
      "direction": "0",
      "inputCount": "2",
      "outputCount": "1",
      "logicFunction": "\"and\"",
      "outputsInv": "[false]",
      "inputsInv": "[true,false]"
    },
    {
      "x": "990",
      "y": "450",
      "direction": "0",
      "inputCount": "2",
      "outputCount": "1",
      "logicFunction": "\"and\"",
      "outputsInv": "[false]",
      "inputsInv": "[false,false]"
    }
  ],
  "outputs": [
    {
      "x": "1110",
      "y": "300",
      "colr": "0",
      "lbl": "0"
    },
    {
      "x": "1110",
      "y": "360",
      "colr": "0",
      "lbl": "1"
    },
    {
      "x": "1110",
      "y": "420",
      "colr": "0",
      "lbl": "2"
    },
    {
      "x": "1110",
      "y": "480",
      "colr": "0",
      "lbl": "3"
    }
  ],
  "inputs": [
    {
      "x": "915",
      "y": "255",
      "framecount": "-1",
      "clock": "false",
      "lbl": "2¹"
    },
    {
      "x": "945",
      "y": "255",
      "framecount": "-1",
      "clock": "false",
      "lbl": "2º"
    }
  ],
  "segments": [],
  "wires": [
    {
      "x1": "960",
      "y1": "480",
      "x2": "990"
    },
    {
      "x1": "960",
      "y1": "300",
      "x2": "990"
    },
    {
      "x1": "960",
      "y1": "360",
      "x2": "990"
    },
    {
      "x1": "960",
      "y1": "420",
      "x2": "990"
    },
    {
      "x1": "930",
      "y1": "510",
      "x2": "990"
    },
    {
      "x1": "930",
      "y1": "450",
      "x2": "990"
    },
    {
      "x1": "930",
      "y1": "390",
      "x2": "990"
    },
    {
      "x1": "930",
      "y1": "330",
      "x2": "990"
    },
    {
      "x1": "1050",
      "y1": "300",
      "x2": "1110"
    },
    {
      "x1": "1050",
      "y1": "360",
      "x2": "1110"
    },
    {
      "x1": "1050",
      "y1": "420",
      "x2": "1110"
    },
    {
      "x1": "1050",
      "y1": "480",
      "x2": "1110"
    },
    {
      "x1": "930",
      "y1": "270",
      "y2": "510"
    },
    {
      "x1": "960",
      "y1": "270",
      "y2": "480"
    }
  ],
  "conpoints": [
    {
      "x": "930",
      "y": "450"
    },
    {
      "x": "930",
      "y": "390"
    },
    {
      "x": "930",
      "y": "330"
    },
    {
      "x": "960",
      "y": "300"
    },
    {
      "x": "960",
      "y": "360"
    },
    {
      "x": "960",
      "y": "420"
    }
  ],
  "diodes": [],
  "customs": [],
  "labels": [],
  "segDisplays": []
}
