{
  "caption": "MUX",
  "gates": [
    {
      "x": "780",
      "y": "300",
      "direction": "0",
      "inputCount": "3",
      "outputCount": "1",
      "logicFunction": "\"and\"",
      "outputsInv": "[false]",
      "inputsInv": "[true,true,false]"
    },
    {
      "x": "780",
      "y": "390",
      "direction": "0",
      "inputCount": "3",
      "outputCount": "1",
      "logicFunction": "\"and\"",
      "outputsInv": "[false]",
      "inputsInv": "[false,true,false]"
    },
    {
      "x": "780",
      "y": "480",
      "direction": "0",
      "inputCount": "3",
      "outputCount": "1",
      "logicFunction": "\"and\"",
      "outputsInv": "[false]",
      "inputsInv": "[true,false,false]"
    },
    {
      "x": "780",
      "y": "570",
      "direction": "0",
      "inputCount": "3",
      "outputCount": "1",
      "logicFunction": "\"and\"",
      "outputsInv": "[false]",
      "inputsInv": "[false,false,false]"
    },
    {
      "x": "960",
      "y": "390",
      "direction": "0",
      "inputCount": "4",
      "outputCount": "1",
      "logicFunction": "\"or\"",
      "outputsInv": "[false]",
      "inputsInv": "[false,false,false,false]"
    }
  ],
  "outputs": [
    {
      "x": "1080",
      "y": "420",
      "colr": "0"
    }
  ],
  "inputs": [
    {
      "x": "705",
      "y": "255",
      "istop": "true",
      "lbl": "2¹",
      "framecount": "-1",
      "clock": "false"
    },
    {
      "x": "735",
      "y": "255",
      "istop": "true",
      "lbl": "2º",
      "framecount": "-1",
      "clock": "false"
    },
    {
      "x": "675",
      "y": "375",
      "lbl": "0",
      "framecount": "-1",
      "clock": "false"
    },
    {
      "x": "675",
      "y": "465",
      "lbl": "1",
      "framecount": "-1",
      "clock": "false"
    },
    {
      "x": "675",
      "y": "555",
      "lbl": "2",
      "framecount": "-1",
      "clock": "false"
    },
    {
      "x": "675",
      "y": "645",
      "lbl": "3",
      "framecount": "-1",
      "clock": "false"
    }
  ],
  "segments": [],
  "wires": [
    {
      "x1": "750",
      "y1": "330",
      "x2": "780"
    },
    {
      "x1": "750",
      "y1": "420",
      "x2": "780"
    },
    {
      "x1": "750",
      "y1": "510",
      "x2": "780"
    },
    {
      "x1": "750",
      "y1": "600",
      "x2": "780"
    },
    {
      "x1": "930",
      "y1": "420",
      "x2": "960"
    },
    {
      "x1": "900",
      "y1": "420",
      "y2": "450"
    },
    {
      "x1": "840",
      "y1": "510",
      "x2": "870"
    },
    {
      "x1": "870",
      "y1": "480",
      "y2": "510"
    },
    {
      "x1": "720",
      "y1": "360",
      "x2": "780"
    },
    {
      "x1": "720",
      "y1": "450",
      "x2": "780"
    },
    {
      "x1": "720",
      "y1": "540",
      "x2": "780"
    },
    {
      "x1": "720",
      "y1": "630",
      "x2": "780"
    },
    {
      "x1": "840",
      "y1": "420",
      "x2": "900"
    },
    {
      "x1": "900",
      "y1": "450",
      "x2": "960"
    },
    {
      "x1": "840",
      "y1": "600",
      "x2": "900"
    },
    {
      "x1": "900",
      "y1": "510",
      "x2": "960"
    },
    {
      "x1": "1020",
      "y1": "420",
      "x2": "1080"
    },
    {
      "x1": "690",
      "y1": "390",
      "x2": "780"
    },
    {
      "x1": "690",
      "y1": "480",
      "x2": "780"
    },
    {
      "x1": "690",
      "y1": "570",
      "x2": "780"
    },
    {
      "x1": "690",
      "y1": "660",
      "x2": "780"
    },
    {
      "x1": "930",
      "y1": "330",
      "y2": "420"
    },
    {
      "x1": "840",
      "y1": "330",
      "x2": "930"
    },
    {
      "x1": "870",
      "y1": "480",
      "x2": "960"
    },
    {
      "x1": "900",
      "y1": "510",
      "y2": "600"
    },
    {
      "x1": "750",
      "y1": "270",
      "y2": "690"
    },
    {
      "x1": "720",
      "y1": "270",
      "y2": "690"
    }
  ],
  "conpoints": [
    {
      "x": "750",
      "y": "330"
    },
    {
      "x": "720",
      "y": "360"
    },
    {
      "x": "750",
      "y": "420"
    },
    {
      "x": "720",
      "y": "450"
    },
    {
      "x": "750",
      "y": "510"
    },
    {
      "x": "720",
      "y": "540"
    },
    {
      "x": "750",
      "y": "600"
    },
    {
      "x": "720",
      "y": "630"
    }
  ],
  "diodes": [],
  "customs": [],
  "labels": [],
  "segDisplays": []
}
