{
  "caption": "3-Buffer",
  "gates": [
    {
      "x": "180",
      "y": "60",
      "direction": "0",
      "inputCount": "1",
      "outputCount": "1",
      "logicFunction": "\"and\"",
      "caption": "\"&\"",
      "outputsInv": "[false]",
      "inputsInv": "[false]"
    },
    {
      "x": "270",
      "y": "60",
      "direction": "0",
      "inputCount": "1",
      "outputCount": "1",
      "logicFunction": "\"and\"",
      "caption": "\"&\"",
      "outputsInv": "[false]",
      "inputsInv": "[false]"
    },
    {
      "x": "360",
      "y": "60",
      "direction": "0",
      "inputCount": "1",
      "outputCount": "1",
      "logicFunction": "\"and\"",
      "caption": "\"&\"",
      "outputsInv": "[false]",
      "inputsInv": "[false]"
    }
  ],
  "outputs": [
    {
      "x": "450",
      "y": "90",
      "colr": "0"
    }
  ],
  "inputs": [
    {
      "x": "135",
      "y": "75",
      "framecount": "-1",
      "clock": "false"
    }
  ],
  "segments": [],
  "wires": [
    {
      "x1": "240",
      "y1": "90",
      "x2": "270",
      "y2": "90"
    },
    {
      "x1": "330",
      "y1": "90",
      "x2": "360",
      "y2": "90"
    },
    {
      "x1": "420",
      "y1": "90",
      "x2": "450",
      "y2": "90"
    },
    {
      "x1": "150",
      "y1": "90",
      "x2": "180",
      "y2": "90"
    }
  ],
  "conpoints": [],
  "diodes": [],
  "customs": [],
  "labels": []
}
