{
  "caption": "Counter",
  "gates": [
    {
      "x": "750",
      "y": "270",
      "direction": "0",
      "inputCount": "2",
      "outputCount": "1",
      "logicFunction": "\"xor\"",
      "outputsInv": "[false]",
      "inputsInv": "[false,false]"
    },
    {
      "x": "1020",
      "y": "300",
      "direction": "0",
      "inputCount": "2",
      "outputCount": "1",
      "logicFunction": "\"and\"",
      "outputsInv": "[false]",
      "inputsInv": "[false,false]"
    },
    {
      "x": "1110",
      "y": "270",
      "direction": "0",
      "inputCount": "2",
      "outputCount": "1",
      "logicFunction": "\"xor\"",
      "outputsInv": "[false]",
      "inputsInv": "[false,false]"
    }
  ],
  "outputs": [
    {
      "x": "1320",
      "y": "150",
      "colr": "0",
      "lbl": "2²"
    },
    {
      "x": "960",
      "y": "150",
      "colr": "0",
      "lbl": "2¹"
    },
    {
      "x": "690",
      "y": "150",
      "colr": "0",
      "lbl": "2º"
    }
  ],
  "inputs": [
    {
      "x": "495",
      "y": "405",
      "lbl": ">",
      "framecount": "-1",
      "clock": "false"
    }
  ],
  "segments": [],
  "wires": [
    {
      "x1": "660",
      "y1": "360",
      "x2": "690"
    },
    {
      "x1": "570",
      "y1": "300",
      "y2": "330"
    },
    {
      "x1": "570",
      "y1": "330",
      "x2": "600"
    },
    {
      "x1": "840",
      "y1": "360",
      "x2": "870"
    },
    {
      "x1": "570",
      "y1": "360",
      "x2": "600"
    },
    {
      "x1": "1200",
      "y1": "360",
      "x2": "1230"
    },
    {
      "x1": "810",
      "y1": "300",
      "x2": "840"
    },
    {
      "x1": "840",
      "y1": "300",
      "y2": "330"
    },
    {
      "x1": "840",
      "y1": "330",
      "x2": "870"
    },
    {
      "x1": "930",
      "y1": "330",
      "x2": "960"
    },
    {
      "x1": "720",
      "y1": "300",
      "x2": "750"
    },
    {
      "x1": "1080",
      "y1": "270",
      "y2": "300"
    },
    {
      "x1": "1080",
      "y1": "300",
      "x2": "1110"
    },
    {
      "x1": "1080",
      "y1": "330",
      "x2": "1110"
    },
    {
      "x1": "990",
      "y1": "330",
      "x2": "1020"
    },
    {
      "x1": "1170",
      "y1": "300",
      "x2": "1200"
    },
    {
      "x1": "1200",
      "y1": "300",
      "y2": "330"
    },
    {
      "x1": "1200",
      "y1": "330",
      "x2": "1230"
    },
    {
      "x1": "1290",
      "y1": "330",
      "x2": "1320"
    },
    {
      "x1": "840",
      "y1": "360",
      "y2": "420"
    },
    {
      "x1": "570",
      "y1": "360",
      "y2": "420"
    },
    {
      "x1": "1200",
      "y1": "360",
      "y2": "420"
    },
    {
      "x1": "960",
      "y1": "360",
      "x2": "1020"
    },
    {
      "x1": "690",
      "y1": "300",
      "y2": "360"
    },
    {
      "x1": "720",
      "y1": "330",
      "y2": "390"
    },
    {
      "x1": "660",
      "y1": "330",
      "x2": "750"
    },
    {
      "x1": "570",
      "y1": "300",
      "x2": "690"
    },
    {
      "x1": "720",
      "y1": "210",
      "y2": "300"
    },
    {
      "x1": "690",
      "y1": "150",
      "y2": "270"
    },
    {
      "x1": "540",
      "y1": "270",
      "y2": "390"
    },
    {
      "x1": "960",
      "y1": "150",
      "y2": "360"
    },
    {
      "x1": "1320",
      "y1": "150",
      "y2": "330"
    },
    {
      "x1": "1080",
      "y1": "270",
      "x2": "1320"
    },
    {
      "x1": "990",
      "y1": "180",
      "y2": "330"
    },
    {
      "x1": "540",
      "y1": "270",
      "x2": "690"
    },
    {
      "x1": "540",
      "y1": "390",
      "x2": "720"
    },
    {
      "x1": "720",
      "y1": "210",
      "x2": "960"
    },
    {
      "x1": "690",
      "y1": "180",
      "x2": "990"
    },
    {
      "x1": "510",
      "y1": "420",
      "x2": "1200"
    }
  ],
  "conpoints": [
    {
      "x": "840",
      "y": "420"
    },
    {
      "x": "570",
      "y": "420"
    },
    {
      "x": "960",
      "y": "330"
    },
    {
      "x": "960",
      "y": "210"
    },
    {
      "x": "1320",
      "y": "270"
    },
    {
      "x": "690",
      "y": "180"
    },
    {
      "x": "720",
      "y": "330"
    }
  ],
  "diodes": [],
  "customs": [
    {
      "x": "600",
      "y": "300",
      "direction": "0",
      "filename": "\"d-flipflop.json\"",
      "outputsInv": "[false,false,false,false,false,false]",
      "inputsInv": "[false,false,false,false,false,false]"
    },
    {
      "x": "870",
      "y": "300",
      "direction": "0",
      "filename": "\"d-flipflop.json\"",
      "outputsInv": "[false,false,false,false,false,false]",
      "inputsInv": "[false,false,false,false,false,false]"
    },
    {
      "x": "1230",
      "y": "300",
      "direction": "0",
      "filename": "\"d-flipflop.json\"",
      "outputsInv": "[false,false,false,false,false,false,false,false]",
      "inputsInv": "[false,false,false,false,false,false,false,false]"
    }
  ],
  "labels": [],
  "segDisplays": []
}
