{
  "caption": "DecoderOld",
  "gates": [
    {
      "x": "1350",
      "y": "330",
      "direction": "0",
      "inputCount": "3",
      "outputCount": "1",
      "logicFunction": "\"and\"",
      "outputsInv": "[false]",
      "inputsInv": "[true,true,true]"
    },
    {
      "x": "1350",
      "y": "420",
      "direction": "0",
      "inputCount": "3",
      "outputCount": "1",
      "logicFunction": "\"and\"",
      "outputsInv": "[false]",
      "inputsInv": "[false,true,true]"
    },
    {
      "x": "1350",
      "y": "510",
      "direction": "0",
      "inputCount": "3",
      "outputCount": "1",
      "logicFunction": "\"and\"",
      "outputsInv": "[false]",
      "inputsInv": "[true,false,true]"
    },
    {
      "x": "1350",
      "y": "600",
      "direction": "0",
      "inputCount": "3",
      "outputCount": "1",
      "logicFunction": "\"and\"",
      "outputsInv": "[false]",
      "inputsInv": "[false,false,true]"
    },
    {
      "x": "1350",
      "y": "690",
      "direction": "0",
      "inputCount": "3",
      "outputCount": "1",
      "logicFunction": "\"and\"",
      "outputsInv": "[false]",
      "inputsInv": "[true,true,false]"
    },
    {
      "x": "1350",
      "y": "780",
      "direction": "0",
      "inputCount": "3",
      "outputCount": "1",
      "logicFunction": "\"and\"",
      "outputsInv": "[false]",
      "inputsInv": "[false,true,false]"
    },
    {
      "x": "1350",
      "y": "870",
      "direction": "0",
      "inputCount": "3",
      "outputCount": "1",
      "logicFunction": "\"and\"",
      "outputsInv": "[false]",
      "inputsInv": "[true,false,false]"
    },
    {
      "x": "1350",
      "y": "960",
      "direction": "0",
      "inputCount": "3",
      "outputCount": "1",
      "logicFunction": "\"and\"",
      "outputsInv": "[false]",
      "inputsInv": "[false,false,false]"
    }
  ],
  "outputs": [
    {
      "x": "1470",
      "y": "360",
      "colr": "0",
      "lbl": "0"
    },
    {
      "x": "1470",
      "y": "450",
      "colr": "0",
      "lbl": "1"
    },
    {
      "x": "1470",
      "y": "540",
      "colr": "0",
      "lbl": "2"
    },
    {
      "x": "1470",
      "y": "630",
      "colr": "0",
      "lbl": "3"
    },
    {
      "x": "1470",
      "y": "720",
      "colr": "0",
      "lbl": "4"
    },
    {
      "x": "1470",
      "y": "810",
      "colr": "0",
      "lbl": "5"
    },
    {
      "x": "1470",
      "y": "900",
      "colr": "0",
      "lbl": "6"
    },
    {
      "x": "1470",
      "y": "990",
      "colr": "0",
      "lbl": "7"
    }
  ],
  "inputs": [
    {
      "x": "1245",
      "y": "255",
      "framecount": "-1",
      "clock": "false",
      "lbl": "2²"
    },
    {
      "x": "1275",
      "y": "255",
      "framecount": "-1",
      "clock": "false",
      "lbl": "2¹"
    },
    {
      "x": "1305",
      "y": "255",
      "framecount": "-1",
      "clock": "false",
      "lbl": "2º"
    }
  ],
  "segments": [],
  "wires": [
    {
      "x1": "1320",
      "y1": "360",
      "x2": "1350"
    },
    {
      "x1": "1320",
      "y1": "450",
      "x2": "1350"
    },
    {
      "x1": "1320",
      "y1": "540",
      "x2": "1350"
    },
    {
      "x1": "1320",
      "y1": "630",
      "x2": "1350"
    },
    {
      "x1": "1320",
      "y1": "720",
      "x2": "1350"
    },
    {
      "x1": "1320",
      "y1": "810",
      "x2": "1350"
    },
    {
      "x1": "1320",
      "y1": "900",
      "x2": "1350"
    },
    {
      "x1": "1320",
      "y1": "990",
      "x2": "1350"
    },
    {
      "x1": "1290",
      "y1": "390",
      "x2": "1350"
    },
    {
      "x1": "1290",
      "y1": "480",
      "x2": "1350"
    },
    {
      "x1": "1290",
      "y1": "750",
      "x2": "1350"
    },
    {
      "x1": "1410",
      "y1": "360",
      "x2": "1470"
    },
    {
      "x1": "1410",
      "y1": "450",
      "x2": "1470"
    },
    {
      "x1": "1410",
      "y1": "540",
      "x2": "1470"
    },
    {
      "x1": "1410",
      "y1": "630",
      "x2": "1470"
    },
    {
      "x1": "1410",
      "y1": "720",
      "x2": "1470"
    },
    {
      "x1": "1410",
      "y1": "810",
      "x2": "1470"
    },
    {
      "x1": "1410",
      "y1": "900",
      "x2": "1470"
    },
    {
      "x1": "1410",
      "y1": "990",
      "x2": "1470"
    },
    {
      "x1": "1290",
      "y1": "570",
      "x2": "1350"
    },
    {
      "x1": "1290",
      "y1": "660",
      "x2": "1350"
    },
    {
      "x1": "1290",
      "y1": "840",
      "x2": "1350"
    },
    {
      "x1": "1290",
      "y1": "930",
      "x2": "1350"
    },
    {
      "x1": "1290",
      "y1": "1020",
      "x2": "1350"
    },
    {
      "x1": "1260",
      "y1": "420",
      "x2": "1350"
    },
    {
      "x1": "1260",
      "y1": "510",
      "x2": "1350"
    },
    {
      "x1": "1260",
      "y1": "780",
      "x2": "1350"
    },
    {
      "x1": "1260",
      "y1": "600",
      "x2": "1350"
    },
    {
      "x1": "1260",
      "y1": "690",
      "x2": "1350"
    },
    {
      "x1": "1260",
      "y1": "870",
      "x2": "1350"
    },
    {
      "x1": "1260",
      "y1": "960",
      "x2": "1350"
    },
    {
      "x1": "1260",
      "y1": "1050",
      "x2": "1350"
    },
    {
      "x1": "1320",
      "y1": "270",
      "y2": "990"
    },
    {
      "x1": "1290",
      "y1": "270",
      "y2": "1020"
    },
    {
      "x1": "1260",
      "y1": "270",
      "y2": "1050"
    }
  ],
  "conpoints": [
    {
      "x": "1320",
      "y": "360"
    },
    {
      "x": "1290",
      "y": "390"
    },
    {
      "x": "1260",
      "y": "420"
    },
    {
      "x": "1290",
      "y": "750"
    },
    {
      "x": "1260",
      "y": "780"
    },
    {
      "x": "1320",
      "y": "450"
    },
    {
      "x": "1290",
      "y": "480"
    },
    {
      "x": "1260",
      "y": "510"
    },
    {
      "x": "1320",
      "y": "540"
    },
    {
      "x": "1290",
      "y": "570"
    },
    {
      "x": "1260",
      "y": "600"
    },
    {
      "x": "1260",
      "y": "690"
    },
    {
      "x": "1290",
      "y": "660"
    },
    {
      "x": "1320",
      "y": "630"
    },
    {
      "x": "1320",
      "y": "720"
    },
    {
      "x": "1320",
      "y": "810"
    },
    {
      "x": "1290",
      "y": "840"
    },
    {
      "x": "1260",
      "y": "870"
    },
    {
      "x": "1320",
      "y": "900"
    },
    {
      "x": "1290",
      "y": "930"
    },
    {
      "x": "1260",
      "y": "960"
    }
  ],
  "diodes": [],
  "customs": [],
  "labels": [],
  "segDisplays": []
}
