{
  "caption": "MUX",
  "gates": [
    {
      "x": "1050",
      "y": "360",
      "direction": "0",
      "inputCount": "4",
      "outputCount": "1",
      "logicFunction": "\"and\"",
      "outputsInv": "[false]",
      "inputsInv": "[true,true,true,false]"
    },
    {
      "x": "1050",
      "y": "480",
      "direction": "0",
      "inputCount": "4",
      "outputCount": "1",
      "logicFunction": "\"and\"",
      "outputsInv": "[false]",
      "inputsInv": "[false,true,true,false]"
    },
    {
      "x": "1050",
      "y": "600",
      "direction": "0",
      "inputCount": "4",
      "outputCount": "1",
      "logicFunction": "\"and\"",
      "outputsInv": "[false]",
      "inputsInv": "[true,false,true,false]"
    },
    {
      "x": "1050",
      "y": "720",
      "direction": "0",
      "inputCount": "4",
      "outputCount": "1",
      "logicFunction": "\"and\"",
      "outputsInv": "[false]",
      "inputsInv": "[false,false,true,false]"
    },
    {
      "x": "1050",
      "y": "840",
      "direction": "0",
      "inputCount": "4",
      "outputCount": "1",
      "logicFunction": "\"and\"",
      "outputsInv": "[false]",
      "inputsInv": "[true,true,false,false]"
    },
    {
      "x": "1050",
      "y": "960",
      "direction": "0",
      "inputCount": "4",
      "outputCount": "1",
      "logicFunction": "\"and\"",
      "outputsInv": "[false]",
      "inputsInv": "[false,true,false,false]"
    },
    {
      "x": "1050",
      "y": "1080",
      "direction": "0",
      "inputCount": "4",
      "outputCount": "1",
      "logicFunction": "\"and\"",
      "outputsInv": "[false]",
      "inputsInv": "[true,false,false,false]"
    },
    {
      "x": "1050",
      "y": "1200",
      "direction": "0",
      "inputCount": "4",
      "outputCount": "1",
      "logicFunction": "\"and\"",
      "outputsInv": "[false]",
      "inputsInv": "[false,false,false,false]"
    },
    {
      "x": "1320",
      "y": "630",
      "direction": "0",
      "inputCount": "8",
      "outputCount": "1",
      "logicFunction": "\"or\"",
      "outputsInv": "[false]",
      "inputsInv": "[false,false,false,false,false,false,false,false]"
    }
  ],
  "outputs": [
    {
      "x": "1440",
      "y": "660",
      "colr": "0"
    }
  ],
  "inputs": [
    {
      "x": "945",
      "y": "315",
      "istop": "true",
      "lbl": "2²",
      "framecount": "-1",
      "clock": "false"
    },
    {
      "x": "975",
      "y": "315",
      "istop": "true",
      "lbl": "2¹",
      "framecount": "-1",
      "clock": "false"
    },
    {
      "x": "1005",
      "y": "315",
      "istop": "true",
      "lbl": "2º",
      "framecount": "-1",
      "clock": "false"
    },
    {
      "x": "915",
      "y": "465",
      "lbl": "0",
      "framecount": "-1",
      "clock": "false"
    },
    {
      "x": "915",
      "y": "585",
      "lbl": "1",
      "framecount": "-1",
      "clock": "false"
    },
    {
      "x": "915",
      "y": "705",
      "lbl": "2",
      "framecount": "-1",
      "clock": "false"
    },
    {
      "x": "915",
      "y": "825",
      "lbl": "3",
      "framecount": "-1",
      "clock": "false"
    },
    {
      "x": "915",
      "y": "945",
      "lbl": "4",
      "framecount": "-1",
      "clock": "false"
    },
    {
      "x": "915",
      "y": "1065",
      "lbl": "5",
      "framecount": "-1",
      "clock": "false"
    },
    {
      "x": "915",
      "y": "1185",
      "lbl": "6",
      "framecount": "-1",
      "clock": "false"
    },
    {
      "x": "915",
      "y": "1305",
      "lbl": "7",
      "framecount": "-1",
      "clock": "false"
    }
  ],
  "segments": [],
  "wires": [
    {
      "x1": "1020",
      "y1": "390",
      "x2": "1050"
    },
    {
      "x1": "1020",
      "y1": "510",
      "x2": "1050"
    },
    {
      "x1": "1020",
      "y1": "630",
      "x2": "1050"
    },
    {
      "x1": "1020",
      "y1": "750",
      "x2": "1050"
    },
    {
      "x1": "1020",
      "y1": "870",
      "x2": "1050"
    },
    {
      "x1": "1020",
      "y1": "990",
      "x2": "1050"
    },
    {
      "x1": "1020",
      "y1": "1110",
      "x2": "1050"
    },
    {
      "x1": "1020",
      "y1": "1230",
      "x2": "1050"
    },
    {
      "x1": "1290",
      "y1": "660",
      "x2": "1320"
    },
    {
      "x1": "1110",
      "y1": "870",
      "x2": "1140"
    },
    {
      "x1": "990",
      "y1": "420",
      "x2": "1050"
    },
    {
      "x1": "990",
      "y1": "540",
      "x2": "1050"
    },
    {
      "x1": "990",
      "y1": "660",
      "x2": "1050"
    },
    {
      "x1": "990",
      "y1": "780",
      "x2": "1050"
    },
    {
      "x1": "990",
      "y1": "900",
      "x2": "1050"
    },
    {
      "x1": "990",
      "y1": "1020",
      "x2": "1050"
    },
    {
      "x1": "990",
      "y1": "1140",
      "x2": "1050"
    },
    {
      "x1": "990",
      "y1": "1260",
      "x2": "1050"
    },
    {
      "x1": "1260",
      "y1": "690",
      "x2": "1320"
    },
    {
      "x1": "1110",
      "y1": "990",
      "x2": "1170"
    },
    {
      "x1": "1380",
      "y1": "660",
      "x2": "1440"
    },
    {
      "x1": "930",
      "y1": "480",
      "x2": "1050"
    },
    {
      "x1": "930",
      "y1": "600",
      "x2": "1050"
    },
    {
      "x1": "930",
      "y1": "720",
      "x2": "1050"
    },
    {
      "x1": "930",
      "y1": "840",
      "x2": "1050"
    },
    {
      "x1": "930",
      "y1": "960",
      "x2": "1050"
    },
    {
      "x1": "930",
      "y1": "1080",
      "x2": "1050"
    },
    {
      "x1": "930",
      "y1": "1200",
      "x2": "1050"
    },
    {
      "x1": "930",
      "y1": "1320",
      "x2": "1050"
    },
    {
      "x1": "960",
      "y1": "450",
      "x2": "1050"
    },
    {
      "x1": "960",
      "y1": "570",
      "x2": "1050"
    },
    {
      "x1": "960",
      "y1": "690",
      "x2": "1050"
    },
    {
      "x1": "960",
      "y1": "810",
      "x2": "1050"
    },
    {
      "x1": "960",
      "y1": "930",
      "x2": "1050"
    },
    {
      "x1": "960",
      "y1": "1050",
      "x2": "1050"
    },
    {
      "x1": "960",
      "y1": "1170",
      "x2": "1050"
    },
    {
      "x1": "960",
      "y1": "1290",
      "x2": "1050"
    },
    {
      "x1": "1110",
      "y1": "630",
      "x2": "1230"
    },
    {
      "x1": "1230",
      "y1": "630",
      "y2": "720"
    },
    {
      "x1": "1230",
      "y1": "720",
      "x2": "1320"
    },
    {
      "x1": "1140",
      "y1": "780",
      "y2": "870"
    },
    {
      "x1": "1110",
      "y1": "1110",
      "x2": "1200"
    },
    {
      "x1": "1200",
      "y1": "840",
      "x2": "1320"
    },
    {
      "x1": "1110",
      "y1": "1230",
      "x2": "1230"
    },
    {
      "x1": "1230",
      "y1": "870",
      "x2": "1320"
    },
    {
      "x1": "1110",
      "y1": "390",
      "x2": "1290"
    },
    {
      "x1": "1260",
      "y1": "510",
      "y2": "690"
    },
    {
      "x1": "1110",
      "y1": "510",
      "x2": "1260"
    },
    {
      "x1": "1110",
      "y1": "750",
      "x2": "1320"
    },
    {
      "x1": "1140",
      "y1": "780",
      "x2": "1320"
    },
    {
      "x1": "1170",
      "y1": "810",
      "y2": "990"
    },
    {
      "x1": "1170",
      "y1": "810",
      "x2": "1320"
    },
    {
      "x1": "1290",
      "y1": "390",
      "y2": "660"
    },
    {
      "x1": "1200",
      "y1": "840",
      "y2": "1110"
    },
    {
      "x1": "1230",
      "y1": "870",
      "y2": "1230"
    },
    {
      "x1": "1020",
      "y1": "330",
      "y2": "1350"
    },
    {
      "x1": "990",
      "y1": "330",
      "y2": "1350"
    },
    {
      "x1": "960",
      "y1": "330",
      "y2": "1350"
    }
  ],
  "conpoints": [
    {
      "x": "1020",
      "y": "390"
    },
    {
      "x": "990",
      "y": "420"
    },
    {
      "x": "960",
      "y": "450"
    },
    {
      "x": "1020",
      "y": "510"
    },
    {
      "x": "990",
      "y": "540"
    },
    {
      "x": "960",
      "y": "570"
    },
    {
      "x": "1020",
      "y": "630"
    },
    {
      "x": "990",
      "y": "660"
    },
    {
      "x": "960",
      "y": "690"
    },
    {
      "x": "1020",
      "y": "750"
    },
    {
      "x": "990",
      "y": "780"
    },
    {
      "x": "960",
      "y": "810"
    },
    {
      "x": "1020",
      "y": "870"
    },
    {
      "x": "990",
      "y": "900"
    },
    {
      "x": "960",
      "y": "930"
    },
    {
      "x": "1020",
      "y": "990"
    },
    {
      "x": "990",
      "y": "1020"
    },
    {
      "x": "960",
      "y": "1050"
    },
    {
      "x": "1020",
      "y": "1110"
    },
    {
      "x": "990",
      "y": "1140"
    },
    {
      "x": "960",
      "y": "1170"
    },
    {
      "x": "1020",
      "y": "1230"
    },
    {
      "x": "990",
      "y": "1260"
    },
    {
      "x": "960",
      "y": "1290"
    }
  ],
  "diodes": [],
  "customs": [],
  "labels": [],
  "segDisplays": []
}
