{
  "caption": "DecoderOld",
  "gates": [
    {
      "x": "1350",
      "y": "450",
      "direction": "0",
      "inputCount": "4",
      "outputCount": "1",
      "logicFunction": "\"and\"",
      "outputsInv": "[false]",
      "inputsInv": "[false,true,true,true]"
    },
    {
      "x": "1350",
      "y": "570",
      "direction": "0",
      "inputCount": "4",
      "outputCount": "1",
      "logicFunction": "\"and\"",
      "outputsInv": "[false]",
      "inputsInv": "[true,false,true,true]"
    },
    {
      "x": "1350",
      "y": "690",
      "direction": "0",
      "inputCount": "4",
      "outputCount": "1",
      "logicFunction": "\"and\"",
      "outputsInv": "[false]",
      "inputsInv": "[false,false,true,true]"
    },
    {
      "x": "1350",
      "y": "330",
      "direction": "0",
      "inputCount": "4",
      "outputCount": "1",
      "logicFunction": "\"and\"",
      "outputsInv": "[false]",
      "inputsInv": "[true,true,true,true]"
    },
    {
      "x": "1350",
      "y": "810",
      "direction": "0",
      "inputCount": "4",
      "outputCount": "1",
      "logicFunction": "\"and\"",
      "outputsInv": "[false]",
      "inputsInv": "[true,true,false,true]"
    },
    {
      "x": "1350",
      "y": "930",
      "direction": "0",
      "inputCount": "4",
      "outputCount": "1",
      "logicFunction": "\"and\"",
      "outputsInv": "[false]",
      "inputsInv": "[false,true,false,true]"
    },
    {
      "x": "1350",
      "y": "1050",
      "direction": "0",
      "inputCount": "4",
      "outputCount": "1",
      "logicFunction": "\"and\"",
      "outputsInv": "[false]",
      "inputsInv": "[true,false,false,true]"
    },
    {
      "x": "1350",
      "y": "1170",
      "direction": "0",
      "inputCount": "4",
      "outputCount": "1",
      "logicFunction": "\"and\"",
      "outputsInv": "[false]",
      "inputsInv": "[false,false,false,true]"
    },
    {
      "x": "1350",
      "y": "1290",
      "direction": "0",
      "inputCount": "4",
      "outputCount": "1",
      "logicFunction": "\"and\"",
      "outputsInv": "[false]",
      "inputsInv": "[true,true,true,false]"
    },
    {
      "x": "1350",
      "y": "1410",
      "direction": "0",
      "inputCount": "4",
      "outputCount": "1",
      "logicFunction": "\"and\"",
      "outputsInv": "[false]",
      "inputsInv": "[false,true,true,false]"
    },
    {
      "x": "1350",
      "y": "1530",
      "direction": "0",
      "inputCount": "4",
      "outputCount": "1",
      "logicFunction": "\"and\"",
      "outputsInv": "[false]",
      "inputsInv": "[true,false,true,false]"
    },
    {
      "x": "1350",
      "y": "1650",
      "direction": "0",
      "inputCount": "4",
      "outputCount": "1",
      "logicFunction": "\"and\"",
      "outputsInv": "[false]",
      "inputsInv": "[false,false,true,false]"
    },
    {
      "x": "1350",
      "y": "1770",
      "direction": "0",
      "inputCount": "4",
      "outputCount": "1",
      "logicFunction": "\"and\"",
      "outputsInv": "[false]",
      "inputsInv": "[true,true,false,false]"
    },
    {
      "x": "1350",
      "y": "1890",
      "direction": "0",
      "inputCount": "4",
      "outputCount": "1",
      "logicFunction": "\"and\"",
      "outputsInv": "[false]",
      "inputsInv": "[false,true,false,false]"
    },
    {
      "x": "1350",
      "y": "2010",
      "direction": "0",
      "inputCount": "4",
      "outputCount": "1",
      "logicFunction": "\"and\"",
      "outputsInv": "[false]",
      "inputsInv": "[true,false,false,false]"
    },
    {
      "x": "1350",
      "y": "2130",
      "direction": "0",
      "inputCount": "4",
      "outputCount": "1",
      "logicFunction": "\"and\"",
      "outputsInv": "[false]",
      "inputsInv": "[false,false,false,false]"
    }
  ],
  "outputs": [
    {
      "x": "1470",
      "y": "360",
      "colr": "0",
      "lbl": "0"
    },
    {
      "x": "1470",
      "y": "480",
      "colr": "0",
      "lbl": "1"
    },
    {
      "x": "1470",
      "y": "600",
      "colr": "0",
      "lbl": "2"
    },
    {
      "x": "1470",
      "y": "720",
      "colr": "0",
      "lbl": "3"
    },
    {
      "x": "1470",
      "y": "840",
      "colr": "0",
      "lbl": "4"
    },
    {
      "x": "1470",
      "y": "960",
      "colr": "0",
      "lbl": "5"
    },
    {
      "x": "1470",
      "y": "1080",
      "colr": "0",
      "lbl": "6"
    },
    {
      "x": "1470",
      "y": "1200",
      "colr": "0",
      "lbl": "7"
    },
    {
      "x": "1470",
      "y": "1320",
      "colr": "0",
      "lbl": "8"
    },
    {
      "x": "1470",
      "y": "1440",
      "colr": "0",
      "lbl": "9"
    },
    {
      "x": "1470",
      "y": "1560",
      "colr": "0",
      "lbl": "10"
    },
    {
      "x": "1470",
      "y": "1680",
      "colr": "0",
      "lbl": "11"
    },
    {
      "x": "1470",
      "y": "1800",
      "colr": "0",
      "lbl": "12"
    },
    {
      "x": "1470",
      "y": "1920",
      "colr": "0",
      "lbl": "13"
    },
    {
      "x": "1470",
      "y": "2040",
      "colr": "0",
      "lbl": "14"
    },
    {
      "x": "1470",
      "y": "2160",
      "colr": "0",
      "lbl": "15"
    }
  ],
  "inputs": [
    {
      "x": "1215",
      "y": "255",
      "framecount": "-1",
      "clock": "false",
      "lbl": "2³"
    },
    {
      "x": "1245",
      "y": "255",
      "framecount": "-1",
      "clock": "false",
      "lbl": "2²"
    },
    {
      "x": "1275",
      "y": "255",
      "framecount": "-1",
      "clock": "false",
      "lbl": "2¹"
    },
    {
      "x": "1305",
      "y": "255",
      "framecount": "-1",
      "clock": "false",
      "lbl": "2º"
    }
  ],
  "segments": [],
  "wires": [
    {
      "x1": "1320",
      "y1": "360",
      "x2": "1350"
    },
    {
      "x1": "1320",
      "y1": "480",
      "x2": "1350"
    },
    {
      "x1": "1320",
      "y1": "600",
      "x2": "1350"
    },
    {
      "x1": "1320",
      "y1": "720",
      "x2": "1350"
    },
    {
      "x1": "1320",
      "y1": "840",
      "x2": "1350"
    },
    {
      "x1": "1320",
      "y1": "960",
      "x2": "1350"
    },
    {
      "x1": "1320",
      "y1": "1080",
      "x2": "1350"
    },
    {
      "x1": "1320",
      "y1": "1200",
      "x2": "1350"
    },
    {
      "x1": "1320",
      "y1": "1320",
      "x2": "1350"
    },
    {
      "x1": "1320",
      "y1": "1440",
      "x2": "1350"
    },
    {
      "x1": "1320",
      "y1": "1560",
      "x2": "1350"
    },
    {
      "x1": "1320",
      "y1": "1680",
      "x2": "1350"
    },
    {
      "x1": "1320",
      "y1": "1800",
      "x2": "1350"
    },
    {
      "x1": "1320",
      "y1": "1920",
      "x2": "1350"
    },
    {
      "x1": "1320",
      "y1": "2040",
      "x2": "1350"
    },
    {
      "x1": "1320",
      "y1": "2160",
      "x2": "1350"
    },
    {
      "x1": "1410",
      "y1": "1650",
      "y2": "1680"
    },
    {
      "x1": "1290",
      "y1": "390",
      "x2": "1350"
    },
    {
      "x1": "1290",
      "y1": "510",
      "x2": "1350"
    },
    {
      "x1": "1290",
      "y1": "630",
      "x2": "1350"
    },
    {
      "x1": "1290",
      "y1": "750",
      "x2": "1350"
    },
    {
      "x1": "1290",
      "y1": "870",
      "x2": "1350"
    },
    {
      "x1": "1290",
      "y1": "990",
      "x2": "1350"
    },
    {
      "x1": "1290",
      "y1": "1110",
      "x2": "1350"
    },
    {
      "x1": "1290",
      "y1": "1230",
      "x2": "1350"
    },
    {
      "x1": "1290",
      "y1": "1350",
      "x2": "1350"
    },
    {
      "x1": "1290",
      "y1": "1470",
      "x2": "1350"
    },
    {
      "x1": "1290",
      "y1": "1590",
      "x2": "1350"
    },
    {
      "x1": "1290",
      "y1": "1710",
      "x2": "1350"
    },
    {
      "x1": "1290",
      "y1": "1830",
      "x2": "1350"
    },
    {
      "x1": "1290",
      "y1": "1950",
      "x2": "1350"
    },
    {
      "x1": "1290",
      "y1": "2070",
      "x2": "1350"
    },
    {
      "x1": "1290",
      "y1": "2190",
      "x2": "1350"
    },
    {
      "x1": "1410",
      "y1": "360",
      "x2": "1470"
    },
    {
      "x1": "1410",
      "y1": "480",
      "x2": "1470"
    },
    {
      "x1": "1410",
      "y1": "600",
      "x2": "1470"
    },
    {
      "x1": "1410",
      "y1": "720",
      "x2": "1470"
    },
    {
      "x1": "1410",
      "y1": "840",
      "x2": "1470"
    },
    {
      "x1": "1410",
      "y1": "960",
      "x2": "1470"
    },
    {
      "x1": "1410",
      "y1": "1080",
      "x2": "1470"
    },
    {
      "x1": "1410",
      "y1": "1200",
      "x2": "1470"
    },
    {
      "x1": "1410",
      "y1": "1320",
      "x2": "1470"
    },
    {
      "x1": "1410",
      "y1": "1440",
      "x2": "1470"
    },
    {
      "x1": "1410",
      "y1": "1560",
      "x2": "1470"
    },
    {
      "x1": "1410",
      "y1": "1680",
      "x2": "1470"
    },
    {
      "x1": "1410",
      "y1": "1800",
      "x2": "1470"
    },
    {
      "x1": "1410",
      "y1": "1920",
      "x2": "1470"
    },
    {
      "x1": "1410",
      "y1": "2040",
      "x2": "1470"
    },
    {
      "x1": "1410",
      "y1": "2160",
      "x2": "1470"
    },
    {
      "x1": "1260",
      "y1": "420",
      "x2": "1350"
    },
    {
      "x1": "1230",
      "y1": "450",
      "x2": "1350"
    },
    {
      "x1": "1260",
      "y1": "540",
      "x2": "1350"
    },
    {
      "x1": "1230",
      "y1": "570",
      "x2": "1350"
    },
    {
      "x1": "1260",
      "y1": "660",
      "x2": "1350"
    },
    {
      "x1": "1230",
      "y1": "690",
      "x2": "1350"
    },
    {
      "x1": "1260",
      "y1": "780",
      "x2": "1350"
    },
    {
      "x1": "1230",
      "y1": "810",
      "x2": "1350"
    },
    {
      "x1": "1260",
      "y1": "900",
      "x2": "1350"
    },
    {
      "x1": "1230",
      "y1": "930",
      "x2": "1350"
    },
    {
      "x1": "1260",
      "y1": "1020",
      "x2": "1350"
    },
    {
      "x1": "1230",
      "y1": "1050",
      "x2": "1350"
    },
    {
      "x1": "1260",
      "y1": "1140",
      "x2": "1350"
    },
    {
      "x1": "1230",
      "y1": "1170",
      "x2": "1350"
    },
    {
      "x1": "1260",
      "y1": "1260",
      "x2": "1350"
    },
    {
      "x1": "1230",
      "y1": "1290",
      "x2": "1350"
    },
    {
      "x1": "1260",
      "y1": "1380",
      "x2": "1350"
    },
    {
      "x1": "1230",
      "y1": "1410",
      "x2": "1350"
    },
    {
      "x1": "1260",
      "y1": "1500",
      "x2": "1350"
    },
    {
      "x1": "1230",
      "y1": "1530",
      "x2": "1350"
    },
    {
      "x1": "1260",
      "y1": "1620",
      "x2": "1350"
    },
    {
      "x1": "1230",
      "y1": "1650",
      "x2": "1350"
    },
    {
      "x1": "1260",
      "y1": "1740",
      "x2": "1350"
    },
    {
      "x1": "1230",
      "y1": "1770",
      "x2": "1350"
    },
    {
      "x1": "1260",
      "y1": "1860",
      "x2": "1350"
    },
    {
      "x1": "1230",
      "y1": "1890",
      "x2": "1350"
    },
    {
      "x1": "1260",
      "y1": "1980",
      "x2": "1350"
    },
    {
      "x1": "1230",
      "y1": "2010",
      "x2": "1350"
    },
    {
      "x1": "1260",
      "y1": "2100",
      "x2": "1350"
    },
    {
      "x1": "1230",
      "y1": "2130",
      "x2": "1350"
    },
    {
      "x1": "1260",
      "y1": "2220",
      "x2": "1350"
    },
    {
      "x1": "1230",
      "y1": "2250",
      "x2": "1350"
    },
    {
      "x1": "1320",
      "y1": "270",
      "y2": "2160"
    },
    {
      "x1": "1290",
      "y1": "270",
      "y2": "2190"
    },
    {
      "x1": "1230",
      "y1": "270",
      "y2": "2250"
    },
    {
      "x1": "1260",
      "y1": "270",
      "y2": "2220"
    }
  ],
  "conpoints": [
    {
      "x": "1320",
      "y": "360"
    },
    {
      "x": "1290",
      "y": "390"
    },
    {
      "x": "1260",
      "y": "420"
    },
    {
      "x": "1230",
      "y": "450"
    },
    {
      "x": "1320",
      "y": "480"
    },
    {
      "x": "1290",
      "y": "510"
    },
    {
      "x": "1260",
      "y": "540"
    },
    {
      "x": "1230",
      "y": "570"
    },
    {
      "x": "1320",
      "y": "600"
    },
    {
      "x": "1290",
      "y": "630"
    },
    {
      "x": "1260",
      "y": "660"
    },
    {
      "x": "1230",
      "y": "690"
    },
    {
      "x": "1320",
      "y": "720"
    },
    {
      "x": "1290",
      "y": "750"
    },
    {
      "x": "1260",
      "y": "780"
    },
    {
      "x": "1230",
      "y": "810"
    },
    {
      "x": "1320",
      "y": "840"
    },
    {
      "x": "1290",
      "y": "870"
    },
    {
      "x": "1260",
      "y": "900"
    },
    {
      "x": "1230",
      "y": "930"
    },
    {
      "x": "1320",
      "y": "960"
    },
    {
      "x": "1290",
      "y": "990"
    },
    {
      "x": "1260",
      "y": "1020"
    },
    {
      "x": "1230",
      "y": "1050"
    },
    {
      "x": "1320",
      "y": "1080"
    },
    {
      "x": "1290",
      "y": "1110"
    },
    {
      "x": "1260",
      "y": "1140"
    },
    {
      "x": "1230",
      "y": "1170"
    },
    {
      "x": "1320",
      "y": "1200"
    },
    {
      "x": "1290",
      "y": "1230"
    },
    {
      "x": "1260",
      "y": "1260"
    },
    {
      "x": "1230",
      "y": "1290"
    },
    {
      "x": "1320",
      "y": "1320"
    },
    {
      "x": "1290",
      "y": "1350"
    },
    {
      "x": "1260",
      "y": "1380"
    },
    {
      "x": "1230",
      "y": "1410"
    },
    {
      "x": "1320",
      "y": "1440"
    },
    {
      "x": "1290",
      "y": "1470"
    },
    {
      "x": "1260",
      "y": "1500"
    },
    {
      "x": "1230",
      "y": "1530"
    },
    {
      "x": "1320",
      "y": "1560"
    },
    {
      "x": "1290",
      "y": "1590"
    },
    {
      "x": "1260",
      "y": "1620"
    },
    {
      "x": "1230",
      "y": "1650"
    },
    {
      "x": "1320",
      "y": "1680"
    },
    {
      "x": "1290",
      "y": "1710"
    },
    {
      "x": "1260",
      "y": "1740"
    },
    {
      "x": "1230",
      "y": "1770"
    },
    {
      "x": "1320",
      "y": "1800"
    },
    {
      "x": "1290",
      "y": "1830"
    },
    {
      "x": "1260",
      "y": "1860"
    },
    {
      "x": "1230",
      "y": "1890"
    },
    {
      "x": "1320",
      "y": "1920"
    },
    {
      "x": "1290",
      "y": "1950"
    },
    {
      "x": "1260",
      "y": "1980"
    },
    {
      "x": "1230",
      "y": "2010"
    },
    {
      "x": "1320",
      "y": "2040"
    },
    {
      "x": "1290",
      "y": "2070"
    },
    {
      "x": "1260",
      "y": "2100"
    },
    {
      "x": "1230",
      "y": "2130"
    }
  ],
  "diodes": [],
  "customs": [],
  "labels": [],
  "segDisplays": []
}
