{
  "caption": "Register",
  "gates": [],
  "outputs": [
    {
      "x": "810",
      "y": "600",
      "colr": "0",
      "lbl": "2³"
    },
    {
      "x": "1080",
      "y": "600",
      "colr": "0",
      "lbl": "2²"
    },
    {
      "x": "1350",
      "y": "600",
      "colr": "0",
      "lbl": "2¹"
    },
    {
      "x": "1620",
      "y": "600",
      "colr": "0",
      "lbl": "2º"
    }
  ],
  "inputs": [
    {
      "x": "1815",
      "y": "195",
      "lbl": "2³",
      "framecount": "-1",
      "clock": "false"
    },
    {
      "x": "1815",
      "y": "225",
      "lbl": "2²",
      "framecount": "-1",
      "clock": "false"
    },
    {
      "x": "1815",
      "y": "255",
      "lbl": "2¹",
      "framecount": "-1",
      "clock": "false"
    },
    {
      "x": "1815",
      "y": "285",
      "lbl": "2º",
      "framecount": "-1",
      "clock": "false"
    },
    {
      "x": "765",
      "y": "315",
      "istop": "true",
      "lbl": "L",
      "framecount": "-1",
      "clock": "false"
    },
    {
      "x": "765",
      "y": "345",
      "istop": "true",
      "lbl": ">",
      "framecount": "-1",
      "clock": "false"
    }
  ],
  "segments": [],
  "wires": [
    {
      "x1": "930",
      "y1": "420",
      "y2": "450"
    },
    {
      "x1": "780",
      "y1": "420",
      "x2": "810"
    },
    {
      "x1": "810",
      "y1": "420",
      "y2": "450"
    },
    {
      "x1": "990",
      "y1": "480",
      "x2": "1020"
    },
    {
      "x1": "1200",
      "y1": "420",
      "y2": "450"
    },
    {
      "x1": "1470",
      "y1": "420",
      "y2": "450"
    },
    {
      "x1": "1740",
      "y1": "420",
      "y2": "450"
    },
    {
      "x1": "1260",
      "y1": "480",
      "x2": "1290"
    },
    {
      "x1": "1530",
      "y1": "480",
      "x2": "1560"
    },
    {
      "x1": "1800",
      "y1": "480",
      "x2": "1830"
    },
    {
      "x1": "1080",
      "y1": "420",
      "y2": "450"
    },
    {
      "x1": "1050",
      "y1": "420",
      "x2": "1080"
    },
    {
      "x1": "1350",
      "y1": "420",
      "y2": "450"
    },
    {
      "x1": "1320",
      "y1": "420",
      "x2": "1350"
    },
    {
      "x1": "1620",
      "y1": "420",
      "y2": "450"
    },
    {
      "x1": "1590",
      "y1": "420",
      "x2": "1620"
    },
    {
      "x1": "810",
      "y1": "540",
      "x2": "870"
    },
    {
      "x1": "870",
      "y1": "420",
      "x2": "930"
    },
    {
      "x1": "930",
      "y1": "510",
      "y2": "570"
    },
    {
      "x1": "1080",
      "y1": "540",
      "x2": "1140"
    },
    {
      "x1": "1140",
      "y1": "420",
      "x2": "1200"
    },
    {
      "x1": "1350",
      "y1": "540",
      "x2": "1410"
    },
    {
      "x1": "1410",
      "y1": "420",
      "x2": "1470"
    },
    {
      "x1": "1620",
      "y1": "540",
      "x2": "1680"
    },
    {
      "x1": "1680",
      "y1": "420",
      "x2": "1740"
    },
    {
      "x1": "1200",
      "y1": "510",
      "y2": "570"
    },
    {
      "x1": "1470",
      "y1": "510",
      "y2": "570"
    },
    {
      "x1": "1740",
      "y1": "510",
      "y2": "570"
    },
    {
      "x1": "1770",
      "y1": "300",
      "x2": "1830"
    },
    {
      "x1": "840",
      "y1": "360",
      "y2": "450"
    },
    {
      "x1": "1110",
      "y1": "360",
      "y2": "450"
    },
    {
      "x1": "1380",
      "y1": "360",
      "y2": "450"
    },
    {
      "x1": "1650",
      "y1": "360",
      "y2": "450"
    },
    {
      "x1": "810",
      "y1": "510",
      "y2": "600"
    },
    {
      "x1": "870",
      "y1": "420",
      "y2": "540"
    },
    {
      "x1": "1080",
      "y1": "510",
      "y2": "600"
    },
    {
      "x1": "1350",
      "y1": "510",
      "y2": "600"
    },
    {
      "x1": "1620",
      "y1": "510",
      "y2": "600"
    },
    {
      "x1": "1140",
      "y1": "420",
      "y2": "540"
    },
    {
      "x1": "1410",
      "y1": "420",
      "y2": "540"
    },
    {
      "x1": "1680",
      "y1": "420",
      "y2": "540"
    },
    {
      "x1": "1020",
      "y1": "330",
      "y2": "480"
    },
    {
      "x1": "1290",
      "y1": "330",
      "y2": "480"
    },
    {
      "x1": "1560",
      "y1": "330",
      "y2": "480"
    },
    {
      "x1": "1830",
      "y1": "330",
      "y2": "480"
    },
    {
      "x1": "780",
      "y1": "570",
      "x2": "930"
    },
    {
      "x1": "780",
      "y1": "420",
      "y2": "570"
    },
    {
      "x1": "1050",
      "y1": "420",
      "y2": "570"
    },
    {
      "x1": "1050",
      "y1": "570",
      "x2": "1200"
    },
    {
      "x1": "1320",
      "y1": "420",
      "y2": "570"
    },
    {
      "x1": "1320",
      "y1": "570",
      "x2": "1470"
    },
    {
      "x1": "1590",
      "y1": "420",
      "y2": "570"
    },
    {
      "x1": "1590",
      "y1": "570",
      "x2": "1740"
    },
    {
      "x1": "1770",
      "y1": "300",
      "y2": "450"
    },
    {
      "x1": "1500",
      "y1": "270",
      "y2": "450"
    },
    {
      "x1": "1230",
      "y1": "240",
      "y2": "450"
    },
    {
      "x1": "960",
      "y1": "210",
      "y2": "450"
    },
    {
      "x1": "1500",
      "y1": "270",
      "x2": "1830"
    },
    {
      "x1": "780",
      "y1": "360",
      "x2": "1650"
    },
    {
      "x1": "1230",
      "y1": "240",
      "x2": "1830"
    },
    {
      "x1": "960",
      "y1": "210",
      "x2": "1830"
    },
    {
      "x1": "780",
      "y1": "330",
      "x2": "1830"
    }
  ],
  "conpoints": [
    {
      "x": "810",
      "y": "540"
    },
    {
      "x": "1080",
      "y": "540"
    },
    {
      "x": "1350",
      "y": "540"
    },
    {
      "x": "1620",
      "y": "540"
    },
    {
      "x": "840",
      "y": "360"
    },
    {
      "x": "1110",
      "y": "360"
    },
    {
      "x": "1380",
      "y": "360"
    },
    {
      "x": "1020",
      "y": "330"
    },
    {
      "x": "1290",
      "y": "330"
    },
    {
      "x": "1560",
      "y": "330"
    }
  ],
  "diodes": [],
  "customs": [
    {
      "x": "780",
      "y": "450",
      "direction": "1",
      "filename": "\"d-flipflop.json\"",
      "outputsInv": "[false,false]",
      "inputsInv": "[false,false]"
    },
    {
      "x": "900",
      "y": "450",
      "direction": "1",
      "filename": "\"1-mux.json\"",
      "outputsInv": "[false]",
      "inputsInv": "[false,false,false]"
    },
    {
      "x": "1050",
      "y": "450",
      "direction": "1",
      "filename": "\"d-flipflop.json\"",
      "outputsInv": "[false,false]",
      "inputsInv": "[false,false]"
    },
    {
      "x": "1170",
      "y": "450",
      "direction": "1",
      "filename": "\"1-mux.json\"",
      "outputsInv": "[false]",
      "inputsInv": "[false,false,false]"
    },
    {
      "x": "1320",
      "y": "450",
      "direction": "1",
      "filename": "\"d-flipflop.json\"",
      "outputsInv": "[false,false]",
      "inputsInv": "[false,false]"
    },
    {
      "x": "1440",
      "y": "450",
      "direction": "1",
      "filename": "\"1-mux.json\"",
      "outputsInv": "[false]",
      "inputsInv": "[false,false,false]"
    },
    {
      "x": "1590",
      "y": "450",
      "direction": "1",
      "filename": "\"d-flipflop.json\"",
      "outputsInv": "[false,false]",
      "inputsInv": "[false,false]"
    },
    {
      "x": "1710",
      "y": "450",
      "direction": "1",
      "filename": "\"1-mux.json\"",
      "outputsInv": "[false]",
      "inputsInv": "[false,false,false]"
    }
  ],
  "labels": [
    {
      "x": "660",
      "y": "360",
      "txt": "Clock"
    },
    {
      "x": "660",
      "y": "330",
      "txt": "Load"
    },
    {
      "x": "1890",
      "y": "300",
      "txt": "2º (LSB)"
    },
    {
      "x": "1890",
      "y": "270",
      "txt": "2¹"
    },
    {
      "x": "1890",
      "y": "240",
      "txt": "2²"
    },
    {
      "x": "1890",
      "y": "210",
      "txt": "2³ (MSB)"
    },
    {
      "x": "870",
      "y": "600",
      "txt": "2³ (MSB)"
    },
    {
      "x": "1140",
      "y": "600",
      "txt": "2²"
    },
    {
      "x": "1410",
      "y": "600",
      "txt": "2¹"
    },
    {
      "x": "1680",
      "y": "600",
      "txt": "2º (LSB)"
    }
  ],
  "segDisplays": []
}
