{
  "caption": "Counter",
  "gates": [
    {
      "x": "750",
      "y": "270",
      "direction": "0",
      "inputCount": "2",
      "outputCount": "1",
      "logicFunction": "\"xor\"",
      "outputsInv": "[false]",
      "inputsInv": "[false,false]"
    },
    {
      "x": "1020",
      "y": "300",
      "direction": "0",
      "inputCount": "2",
      "outputCount": "1",
      "logicFunction": "\"and\"",
      "outputsInv": "[false]",
      "inputsInv": "[false,false]"
    },
    {
      "x": "1380",
      "y": "300",
      "direction": "0",
      "inputCount": "3",
      "outputCount": "1",
      "logicFunction": "\"and\"",
      "outputsInv": "[false]",
      "inputsInv": "[false,false,false]"
    },
    {
      "x": "1470",
      "y": "270",
      "direction": "0",
      "inputCount": "2",
      "outputCount": "1",
      "logicFunction": "\"xor\"",
      "outputsInv": "[false]",
      "inputsInv": "[false,false]"
    },
    {
      "x": "1110",
      "y": "270",
      "direction": "0",
      "inputCount": "2",
      "outputCount": "1",
      "logicFunction": "\"xor\"",
      "outputsInv": "[false]",
      "inputsInv": "[false,false]"
    },
    {
      "x": "1800",
      "y": "300",
      "direction": "0",
      "inputCount": "4",
      "outputCount": "1",
      "logicFunction": "\"and\"",
      "outputsInv": "[false]",
      "inputsInv": "[false,false,false,false]"
    },
    {
      "x": "1890",
      "y": "270",
      "direction": "0",
      "inputCount": "2",
      "outputCount": "1",
      "logicFunction": "\"xor\"",
      "outputsInv": "[false]",
      "inputsInv": "[false,false]"
    }
  ],
  "outputs": [
    {
      "x": "2100",
      "y": "150",
      "colr": "0",
      "lbl": "2⁴"
    },
    {
      "x": "1710",
      "y": "150",
      "colr": "0",
      "lbl": "2³"
    },
    {
      "x": "1320",
      "y": "150",
      "colr": "0",
      "lbl": "2²"
    },
    {
      "x": "960",
      "y": "150",
      "colr": "0",
      "lbl": "2¹"
    },
    {
      "x": "690",
      "y": "150",
      "colr": "0",
      "lbl": "2º"
    }
  ],
  "inputs": [
    {
      "x": "495",
      "y": "405",
      "lbl": ">",
      "framecount": "-1",
      "clock": "false"
    }
  ],
  "segments": [],
  "wires": [
    {
      "x1": "660",
      "y1": "360",
      "x2": "690"
    },
    {
      "x1": "570",
      "y1": "300",
      "y2": "330"
    },
    {
      "x1": "570",
      "y1": "330",
      "x2": "600"
    },
    {
      "x1": "1560",
      "y1": "360",
      "x2": "1590"
    },
    {
      "x1": "840",
      "y1": "360",
      "x2": "870"
    },
    {
      "x1": "570",
      "y1": "360",
      "x2": "600"
    },
    {
      "x1": "1200",
      "y1": "360",
      "x2": "1230"
    },
    {
      "x1": "810",
      "y1": "300",
      "x2": "840"
    },
    {
      "x1": "840",
      "y1": "300",
      "y2": "330"
    },
    {
      "x1": "840",
      "y1": "330",
      "x2": "870"
    },
    {
      "x1": "930",
      "y1": "330",
      "x2": "960"
    },
    {
      "x1": "720",
      "y1": "300",
      "x2": "750"
    },
    {
      "x1": "1350",
      "y1": "330",
      "x2": "1380"
    },
    {
      "x1": "1350",
      "y1": "390",
      "x2": "1380"
    },
    {
      "x1": "1080",
      "y1": "270",
      "y2": "300"
    },
    {
      "x1": "1080",
      "y1": "300",
      "x2": "1110"
    },
    {
      "x1": "1080",
      "y1": "330",
      "x2": "1110"
    },
    {
      "x1": "990",
      "y1": "330",
      "x2": "1020"
    },
    {
      "x1": "1170",
      "y1": "300",
      "x2": "1200"
    },
    {
      "x1": "1200",
      "y1": "300",
      "y2": "330"
    },
    {
      "x1": "1200",
      "y1": "330",
      "x2": "1230"
    },
    {
      "x1": "1290",
      "y1": "330",
      "x2": "1320"
    },
    {
      "x1": "1440",
      "y1": "270",
      "y2": "300"
    },
    {
      "x1": "1440",
      "y1": "300",
      "x2": "1470"
    },
    {
      "x1": "1440",
      "y1": "330",
      "x2": "1470"
    },
    {
      "x1": "1530",
      "y1": "300",
      "x2": "1560"
    },
    {
      "x1": "1560",
      "y1": "300",
      "y2": "330"
    },
    {
      "x1": "1560",
      "y1": "330",
      "x2": "1590"
    },
    {
      "x1": "1770",
      "y1": "390",
      "x2": "1800"
    },
    {
      "x1": "1860",
      "y1": "330",
      "x2": "1890"
    },
    {
      "x1": "1860",
      "y1": "300",
      "x2": "1890"
    },
    {
      "x1": "1860",
      "y1": "270",
      "y2": "300"
    },
    {
      "x1": "1950",
      "y1": "300",
      "x2": "1980"
    },
    {
      "x1": "1980",
      "y1": "300",
      "y2": "330"
    },
    {
      "x1": "1980",
      "y1": "330",
      "x2": "2010"
    },
    {
      "x1": "2070",
      "y1": "330",
      "x2": "2100"
    },
    {
      "x1": "1980",
      "y1": "360",
      "x2": "2010"
    },
    {
      "x1": "1740",
      "y1": "420",
      "x2": "1800"
    },
    {
      "x1": "1560",
      "y1": "360",
      "y2": "420"
    },
    {
      "x1": "840",
      "y1": "360",
      "y2": "420"
    },
    {
      "x1": "570",
      "y1": "360",
      "y2": "420"
    },
    {
      "x1": "1200",
      "y1": "360",
      "y2": "420"
    },
    {
      "x1": "960",
      "y1": "360",
      "x2": "1020"
    },
    {
      "x1": "1350",
      "y1": "390",
      "y2": "450"
    },
    {
      "x1": "1320",
      "y1": "360",
      "x2": "1380"
    },
    {
      "x1": "690",
      "y1": "300",
      "y2": "360"
    },
    {
      "x1": "720",
      "y1": "330",
      "y2": "390"
    },
    {
      "x1": "1710",
      "y1": "420",
      "y2": "480"
    },
    {
      "x1": "660",
      "y1": "330",
      "x2": "750"
    },
    {
      "x1": "570",
      "y1": "300",
      "x2": "690"
    },
    {
      "x1": "720",
      "y1": "210",
      "y2": "300"
    },
    {
      "x1": "1350",
      "y1": "210",
      "y2": "330"
    },
    {
      "x1": "690",
      "y1": "150",
      "y2": "270"
    },
    {
      "x1": "540",
      "y1": "270",
      "y2": "390"
    },
    {
      "x1": "1680",
      "y1": "240",
      "y2": "360"
    },
    {
      "x1": "1680",
      "y1": "360",
      "x2": "1800"
    },
    {
      "x1": "2100",
      "y1": "150",
      "y2": "330"
    },
    {
      "x1": "1980",
      "y1": "360",
      "y2": "480"
    },
    {
      "x1": "1770",
      "y1": "210",
      "y2": "390"
    },
    {
      "x1": "1650",
      "y1": "330",
      "x2": "1800"
    },
    {
      "x1": "960",
      "y1": "150",
      "y2": "360"
    },
    {
      "x1": "1320",
      "y1": "150",
      "y2": "360"
    },
    {
      "x1": "1080",
      "y1": "270",
      "x2": "1320"
    },
    {
      "x1": "990",
      "y1": "180",
      "y2": "330"
    },
    {
      "x1": "540",
      "y1": "270",
      "x2": "690"
    },
    {
      "x1": "1710",
      "y1": "150",
      "y2": "330"
    },
    {
      "x1": "540",
      "y1": "390",
      "x2": "720"
    },
    {
      "x1": "1860",
      "y1": "270",
      "x2": "2100"
    },
    {
      "x1": "1440",
      "y1": "270",
      "x2": "1710"
    },
    {
      "x1": "1740",
      "y1": "180",
      "y2": "450"
    },
    {
      "x1": "1350",
      "y1": "450",
      "x2": "1740"
    },
    {
      "x1": "1320",
      "y1": "240",
      "x2": "1680"
    },
    {
      "x1": "1710",
      "y1": "480",
      "x2": "1980"
    },
    {
      "x1": "720",
      "y1": "210",
      "x2": "1770"
    },
    {
      "x1": "510",
      "y1": "420",
      "x2": "1710"
    },
    {
      "x1": "690",
      "y1": "180",
      "x2": "1740"
    }
  ],
  "conpoints": [
    {
      "x": "840",
      "y": "420"
    },
    {
      "x": "570",
      "y": "420"
    },
    {
      "x": "1200",
      "y": "420"
    },
    {
      "x": "960",
      "y": "330"
    },
    {
      "x": "960",
      "y": "210"
    },
    {
      "x": "1320",
      "y": "270"
    },
    {
      "x": "990",
      "y": "180"
    },
    {
      "x": "690",
      "y": "180"
    },
    {
      "x": "1320",
      "y": "330"
    },
    {
      "x": "720",
      "y": "330"
    },
    {
      "x": "1710",
      "y": "330"
    },
    {
      "x": "1740",
      "y": "420"
    },
    {
      "x": "1320",
      "y": "240"
    },
    {
      "x": "1710",
      "y": "270"
    },
    {
      "x": "1350",
      "y": "210"
    },
    {
      "x": "2100",
      "y": "270"
    },
    {
      "x": "1560",
      "y": "420"
    }
  ],
  "diodes": [],
  "customs": [
    {
      "x": "600",
      "y": "300",
      "direction": "0",
      "filename": "\"d-flipflop.json\"",
      "outputsInv": "[false,false,false,false,false,false]",
      "inputsInv": "[false,false,false,false,false,false]"
    },
    {
      "x": "870",
      "y": "300",
      "direction": "0",
      "filename": "\"d-flipflop.json\"",
      "outputsInv": "[false,false,false,false,false,false]",
      "inputsInv": "[false,false,false,false,false,false]"
    },
    {
      "x": "1230",
      "y": "300",
      "direction": "0",
      "filename": "\"d-flipflop.json\"",
      "outputsInv": "[false,false,false,false,false,false,false,false]",
      "inputsInv": "[false,false,false,false,false,false,false,false]"
    },
    {
      "x": "1590",
      "y": "300",
      "direction": "0",
      "filename": "\"d-flipflop.json\"",
      "outputsInv": "[false,false,false,false,false,false]",
      "inputsInv": "[false,false,false,false,false,false]"
    },
    {
      "x": "2010",
      "y": "300",
      "direction": "0",
      "filename": "\"d-flipflop.json\"",
      "outputsInv": "[]",
      "inputsInv": "[]"
    }
  ],
  "labels": [],
  "segDisplays": []
}
