{
  "caption": "DecoderOld",
  "gates": [
    {
      "x": "510",
      "y": "570",
      "direction": "0",
      "inputCount": "2",
      "outputCount": "1",
      "logicFunction": "\"and\"",
      "outputsInv": "[false]",
      "inputsInv": "[false,false]"
    },
    {
      "x": "510",
      "y": "630",
      "direction": "0",
      "inputCount": "2",
      "outputCount": "1",
      "logicFunction": "\"and\"",
      "outputsInv": "[false]",
      "inputsInv": "[false,false]"
    },
    {
      "x": "510",
      "y": "690",
      "direction": "0",
      "inputCount": "2",
      "outputCount": "1",
      "logicFunction": "\"and\"",
      "outputsInv": "[false]",
      "inputsInv": "[false,false]"
    },
    {
      "x": "510",
      "y": "750",
      "direction": "0",
      "inputCount": "2",
      "outputCount": "1",
      "logicFunction": "\"and\"",
      "outputsInv": "[false]",
      "inputsInv": "[false,false]"
    },
    {
      "x": "510",
      "y": "90",
      "direction": "0",
      "inputCount": "2",
      "outputCount": "1",
      "logicFunction": "\"and\"",
      "outputsInv": "[false]",
      "inputsInv": "[false,true]"
    },
    {
      "x": "510",
      "y": "150",
      "direction": "0",
      "inputCount": "2",
      "outputCount": "1",
      "logicFunction": "\"and\"",
      "outputsInv": "[false]",
      "inputsInv": "[false,true]"
    },
    {
      "x": "510",
      "y": "210",
      "direction": "0",
      "inputCount": "2",
      "outputCount": "1",
      "logicFunction": "\"and\"",
      "outputsInv": "[false]",
      "inputsInv": "[false,true]"
    },
    {
      "x": "510",
      "y": "270",
      "direction": "0",
      "inputCount": "2",
      "outputCount": "1",
      "logicFunction": "\"and\"",
      "outputsInv": "[false]",
      "inputsInv": "[false,true]"
    },
    {
      "x": "900",
      "y": "90",
      "direction": "0",
      "inputCount": "2",
      "outputCount": "1",
      "logicFunction": "\"and\"",
      "outputsInv": "[false]",
      "inputsInv": "[false,true]"
    },
    {
      "x": "900",
      "y": "570",
      "direction": "0",
      "inputCount": "2",
      "outputCount": "1",
      "logicFunction": "\"and\"",
      "outputsInv": "[false]",
      "inputsInv": "[false,false]"
    }
  ],
  "outputs": [
    {
      "x": "1020",
      "y": "120",
      "colr": "0",
      "lbl": "0"
    },
    {
      "x": "810",
      "y": "150",
      "colr": "0",
      "lbl": "1"
    },
    {
      "x": "810",
      "y": "180",
      "colr": "0",
      "lbl": "2"
    },
    {
      "x": "810",
      "y": "210",
      "colr": "0",
      "lbl": "3"
    },
    {
      "x": "810",
      "y": "240",
      "colr": "0",
      "lbl": "4"
    },
    {
      "x": "810",
      "y": "270",
      "colr": "0",
      "lbl": "5"
    },
    {
      "x": "810",
      "y": "300",
      "colr": "0",
      "lbl": "6"
    },
    {
      "x": "810",
      "y": "330",
      "colr": "0",
      "lbl": "7"
    },
    {
      "x": "810",
      "y": "360",
      "colr": "0",
      "lbl": "8"
    },
    {
      "x": "810",
      "y": "390",
      "colr": "0",
      "lbl": "9"
    },
    {
      "x": "810",
      "y": "420",
      "colr": "0",
      "lbl": "10"
    },
    {
      "x": "810",
      "y": "450",
      "colr": "0",
      "lbl": "11"
    },
    {
      "x": "810",
      "y": "480",
      "colr": "0",
      "lbl": "12"
    },
    {
      "x": "810",
      "y": "510",
      "colr": "0",
      "lbl": "13"
    },
    {
      "x": "810",
      "y": "540",
      "colr": "0",
      "lbl": "14"
    },
    {
      "x": "810",
      "y": "570",
      "colr": "0",
      "lbl": "15"
    },
    {
      "x": "1020",
      "y": "600",
      "colr": "0",
      "lbl": "16"
    },
    {
      "x": "810",
      "y": "630",
      "colr": "0",
      "lbl": "17"
    },
    {
      "x": "810",
      "y": "660",
      "colr": "0",
      "lbl": "18"
    },
    {
      "x": "810",
      "y": "690",
      "colr": "0",
      "lbl": "19"
    },
    {
      "x": "810",
      "y": "720",
      "colr": "0",
      "lbl": "20"
    },
    {
      "x": "810",
      "y": "750",
      "colr": "0",
      "lbl": "21"
    },
    {
      "x": "810",
      "y": "780",
      "colr": "0",
      "lbl": "22"
    },
    {
      "x": "810",
      "y": "810",
      "colr": "0",
      "lbl": "23"
    },
    {
      "x": "810",
      "y": "840",
      "colr": "0",
      "lbl": "24"
    },
    {
      "x": "810",
      "y": "870",
      "colr": "0",
      "lbl": "25"
    },
    {
      "x": "810",
      "y": "900",
      "colr": "0",
      "lbl": "26"
    },
    {
      "x": "810",
      "y": "930",
      "colr": "0",
      "lbl": "27"
    },
    {
      "x": "810",
      "y": "960",
      "colr": "0",
      "lbl": "28"
    },
    {
      "x": "810",
      "y": "990",
      "colr": "0",
      "lbl": "29"
    },
    {
      "x": "810",
      "y": "1020",
      "colr": "0",
      "lbl": "30"
    },
    {
      "x": "810",
      "y": "1050",
      "colr": "0",
      "lbl": "31"
    }
  ],
  "inputs": [
    {
      "x": "315",
      "y": "45",
      "framecount": "-1",
      "clock": "false",
      "lbl": "2⁴"
    },
    {
      "x": "315",
      "y": "105",
      "framecount": "-1",
      "clock": "false",
      "lbl": "2³"
    },
    {
      "x": "315",
      "y": "165",
      "framecount": "-1",
      "clock": "false",
      "lbl": "2²"
    },
    {
      "x": "315",
      "y": "225",
      "framecount": "-1",
      "clock": "false",
      "lbl": "2¹"
    },
    {
      "x": "315",
      "y": "285",
      "framecount": "-1",
      "clock": "false",
      "lbl": "2º"
    }
  ],
  "segments": [],
  "wires": [
    {
      "x1": "570",
      "y1": "180",
      "x2": "600"
    },
    {
      "x1": "600",
      "y1": "150",
      "y2": "180"
    },
    {
      "x1": "660",
      "y1": "210",
      "x2": "690"
    },
    {
      "x1": "570",
      "y1": "660",
      "x2": "600"
    },
    {
      "x1": "600",
      "y1": "630",
      "y2": "660"
    },
    {
      "x1": "660",
      "y1": "690",
      "x2": "690"
    },
    {
      "x1": "480",
      "y1": "330",
      "x2": "510"
    },
    {
      "x1": "480",
      "y1": "270",
      "x2": "510"
    },
    {
      "x1": "480",
      "y1": "210",
      "x2": "510"
    },
    {
      "x1": "480",
      "y1": "150",
      "x2": "510"
    },
    {
      "x1": "480",
      "y1": "630",
      "x2": "510"
    },
    {
      "x1": "480",
      "y1": "690",
      "x2": "510"
    },
    {
      "x1": "480",
      "y1": "750",
      "x2": "510"
    },
    {
      "x1": "480",
      "y1": "810",
      "x2": "510"
    },
    {
      "x1": "450",
      "y1": "600",
      "x2": "510"
    },
    {
      "x1": "630",
      "y1": "180",
      "x2": "690"
    },
    {
      "x1": "630",
      "y1": "180",
      "y2": "240"
    },
    {
      "x1": "570",
      "y1": "240",
      "x2": "630"
    },
    {
      "x1": "630",
      "y1": "660",
      "x2": "690"
    },
    {
      "x1": "630",
      "y1": "660",
      "y2": "720"
    },
    {
      "x1": "570",
      "y1": "720",
      "x2": "630"
    },
    {
      "x1": "750",
      "y1": "150",
      "x2": "810"
    },
    {
      "x1": "750",
      "y1": "180",
      "x2": "810"
    },
    {
      "x1": "750",
      "y1": "210",
      "x2": "810"
    },
    {
      "x1": "750",
      "y1": "240",
      "x2": "810"
    },
    {
      "x1": "750",
      "y1": "270",
      "x2": "810"
    },
    {
      "x1": "750",
      "y1": "300",
      "x2": "810"
    },
    {
      "x1": "750",
      "y1": "330",
      "x2": "810"
    },
    {
      "x1": "750",
      "y1": "360",
      "x2": "810"
    },
    {
      "x1": "750",
      "y1": "390",
      "x2": "810"
    },
    {
      "x1": "750",
      "y1": "420",
      "x2": "810"
    },
    {
      "x1": "750",
      "y1": "450",
      "x2": "810"
    },
    {
      "x1": "750",
      "y1": "480",
      "x2": "810"
    },
    {
      "x1": "750",
      "y1": "510",
      "x2": "810"
    },
    {
      "x1": "750",
      "y1": "540",
      "x2": "810"
    },
    {
      "x1": "750",
      "y1": "570",
      "x2": "810"
    },
    {
      "x1": "750",
      "y1": "630",
      "x2": "810"
    },
    {
      "x1": "750",
      "y1": "660",
      "x2": "810"
    },
    {
      "x1": "750",
      "y1": "690",
      "x2": "810"
    },
    {
      "x1": "750",
      "y1": "720",
      "x2": "810"
    },
    {
      "x1": "750",
      "y1": "750",
      "x2": "810"
    },
    {
      "x1": "750",
      "y1": "780",
      "x2": "810"
    },
    {
      "x1": "750",
      "y1": "810",
      "x2": "810"
    },
    {
      "x1": "750",
      "y1": "840",
      "x2": "810"
    },
    {
      "x1": "750",
      "y1": "870",
      "x2": "810"
    },
    {
      "x1": "750",
      "y1": "900",
      "x2": "810"
    },
    {
      "x1": "750",
      "y1": "930",
      "x2": "810"
    },
    {
      "x1": "750",
      "y1": "960",
      "x2": "810"
    },
    {
      "x1": "750",
      "y1": "990",
      "x2": "810"
    },
    {
      "x1": "750",
      "y1": "1020",
      "x2": "810"
    },
    {
      "x1": "750",
      "y1": "1050",
      "x2": "810"
    },
    {
      "x1": "840",
      "y1": "150",
      "x2": "900"
    },
    {
      "x1": "840",
      "y1": "630",
      "x2": "900"
    },
    {
      "x1": "960",
      "y1": "120",
      "x2": "1020"
    },
    {
      "x1": "960",
      "y1": "600",
      "x2": "1020"
    },
    {
      "x1": "420",
      "y1": "660",
      "x2": "510"
    },
    {
      "x1": "600",
      "y1": "150",
      "x2": "690"
    },
    {
      "x1": "570",
      "y1": "120",
      "x2": "690"
    },
    {
      "x1": "660",
      "y1": "210",
      "y2": "300"
    },
    {
      "x1": "570",
      "y1": "300",
      "x2": "660"
    },
    {
      "x1": "570",
      "y1": "600",
      "x2": "690"
    },
    {
      "x1": "600",
      "y1": "630",
      "x2": "690"
    },
    {
      "x1": "570",
      "y1": "780",
      "x2": "660"
    },
    {
      "x1": "660",
      "y1": "690",
      "y2": "780"
    },
    {
      "x1": "390",
      "y1": "720",
      "x2": "510"
    },
    {
      "x1": "750",
      "y1": "600",
      "x2": "900"
    },
    {
      "x1": "360",
      "y1": "780",
      "x2": "510"
    },
    {
      "x1": "330",
      "y1": "120",
      "x2": "510"
    },
    {
      "x1": "330",
      "y1": "180",
      "x2": "510"
    },
    {
      "x1": "330",
      "y1": "240",
      "x2": "510"
    },
    {
      "x1": "330",
      "y1": "300",
      "x2": "510"
    },
    {
      "x1": "750",
      "y1": "120",
      "x2": "900"
    },
    {
      "x1": "450",
      "y1": "120",
      "y2": "600"
    },
    {
      "x1": "420",
      "y1": "180",
      "y2": "660"
    },
    {
      "x1": "390",
      "y1": "240",
      "y2": "720"
    },
    {
      "x1": "360",
      "y1": "300",
      "y2": "780"
    },
    {
      "x1": "330",
      "y1": "60",
      "x2": "840"
    },
    {
      "x1": "480",
      "y1": "60",
      "y2": "810"
    },
    {
      "x1": "840",
      "y1": "60",
      "y2": "630"
    }
  ],
  "conpoints": [
    {
      "x": "450",
      "y": "120"
    },
    {
      "x": "420",
      "y": "180"
    },
    {
      "x": "390",
      "y": "240"
    },
    {
      "x": "360",
      "y": "300"
    },
    {
      "x": "480",
      "y": "270"
    },
    {
      "x": "480",
      "y": "210"
    },
    {
      "x": "480",
      "y": "150"
    },
    {
      "x": "480",
      "y": "330"
    },
    {
      "x": "480",
      "y": "630"
    },
    {
      "x": "480",
      "y": "690"
    },
    {
      "x": "480",
      "y": "750"
    },
    {
      "x": "480",
      "y": "60"
    },
    {
      "x": "840",
      "y": "150"
    }
  ],
  "diodes": [],
  "customs": [
    {
      "x": "690",
      "y": "90",
      "direction": "0",
      "filename": "\"4-decoder.json\"",
      "outputsInv": "[]",
      "inputsInv": "[]"
    },
    {
      "x": "690",
      "y": "570",
      "direction": "0",
      "filename": "\"4-decoder.json\"",
      "outputsInv": "[]",
      "inputsInv": "[]"
    }
  ],
  "labels": [],
  "segDisplays": []
}
