{
  "caption": "D-FF",
  "gates": [
    {
      "x": "390",
      "y": "90",
      "direction": "0",
      "inputCount": "2",
      "outputCount": "1",
      "logicFunction": "\"and\"",
      "outputsInv": "[false]",
      "inputsInv": "[false,false]"
    },
    {
      "x": "390",
      "y": "150",
      "direction": "0",
      "inputCount": "2",
      "outputCount": "1",
      "logicFunction": "\"and\"",
      "outputsInv": "[false]",
      "inputsInv": "[true,false]"
    },
    {
      "x": "240",
      "y": "120",
      "direction": "0",
      "inputCount": "2",
      "outputCount": "1",
      "logicFunction": "\"and\"",
      "outputsInv": "[false]",
      "inputsInv": "[true,false]"
    }
  ],
  "outputs": [
    {
      "x": "600",
      "y": "150",
      "colr": "0",
      "lbl": "Q"
    },
    {
      "x": "600",
      "y": "180",
      "colr": "0",
      "lbl": "Q̅"
    }
  ],
  "inputs": [
    {
      "x": "345",
      "y": "75",
      "lbl": "D",
      "framecount": "-1",
      "clock": "false"
    },
    {
      "x": "75",
      "y": "135",
      "lbl": ">",
      "framecount": "-1",
      "clock": "false"
    }
  ],
  "segments": [],
  "wires": [
    {
      "x1": "570",
      "y1": "150",
      "x2": "600"
    },
    {
      "x1": "570",
      "y1": "180",
      "x2": "600"
    },
    {
      "x1": "480",
      "y1": "150",
      "x2": "510"
    },
    {
      "x1": "480",
      "y1": "120",
      "y2": "150"
    },
    {
      "x1": "450",
      "y1": "120",
      "x2": "480"
    },
    {
      "x1": "360",
      "y1": "120",
      "x2": "390"
    },
    {
      "x1": "360",
      "y1": "180",
      "x2": "390"
    },
    {
      "x1": "210",
      "y1": "150",
      "x2": "240"
    },
    {
      "x1": "120",
      "y1": "150",
      "y2": "180"
    },
    {
      "x1": "450",
      "y1": "180",
      "x2": "510"
    },
    {
      "x1": "330",
      "y1": "210",
      "x2": "390"
    },
    {
      "x1": "330",
      "y1": "150",
      "y2": "210"
    },
    {
      "x1": "90",
      "y1": "150",
      "x2": "150"
    },
    {
      "x1": "300",
      "y1": "150",
      "x2": "390"
    },
    {
      "x1": "360",
      "y1": "90",
      "y2": "180"
    },
    {
      "x1": "120",
      "y1": "180",
      "x2": "240"
    }
  ],
  "conpoints": [
    {
      "x": "360",
      "y": "120"
    },
    {
      "x": "330",
      "y": "150"
    },
    {
      "x": "120",
      "y": "150"
    }
  ],
  "diodes": [],
  "customs": [
    {
      "x": "510",
      "y": "120",
      "direction": "0",
      "filename": "\"rs-flipflop.json\"",
      "outputsInv": "[]",
      "inputsInv": "[]"
    },
    {
      "x": "150",
      "y": "120",
      "direction": "0",
      "filename": "\"3-buffer.json\"",
      "outputsInv": "[]",
      "inputsInv": "[]"
    }
  ],
  "labels": [
    {
      "x": "90",
      "y": "270",
      "txt": "Three delays are required"
    },
    {
      "x": "90",
      "y": "300",
      "txt": "for the flipflop to permanently toggle"
    },
    {
      "x": "90",
      "y": "30",
      "txt": "Implementation of a D-Flipflop"
    }
  ],
  "segDisplays": []
}
