{
  "caption": "FA",
  "gates": [
    {
      "x": "1080",
      "y": "270",
      "direction": "0",
      "inputCount": "2",
      "outputCount": "1",
      "logicFunction": "\"or\"",
      "outputsInv": "[false]",
      "inputsInv": "[false,false]"
    }
  ],
  "outputs": [
    {
      "x": "1170",
      "y": "300",
      "colr": "0",
      "lbl": "C"
    },
    {
      "x": "1170",
      "y": "360",
      "colr": "0",
      "lbl": "S"
    }
  ],
  "inputs": [
    {
      "x": "855",
      "y": "345",
      "framecount": "0",
      "clock": "false",
      "lbl": "A"
    },
    {
      "x": "855",
      "y": "315",
      "framecount": "0",
      "clock": "false",
      "lbl": "B"
    },
    {
      "x": "855",
      "y": "285",
      "framecount": "0",
      "clock": "false",
      "lbl": "C"
    }
  ],
  "segments": [],
  "wires": [
    {
      "x1": "1050",
      "y1": "330",
      "x2": "1080"
    },
    {
      "x1": "960",
      "y1": "330",
      "x2": "990"
    },
    {
      "x1": "870",
      "y1": "330",
      "x2": "900"
    },
    {
      "x1": "870",
      "y1": "300",
      "x2": "900"
    },
    {
      "x1": "1140",
      "y1": "300",
      "x2": "1170"
    },
    {
      "x1": "960",
      "y1": "300",
      "x2": "1080"
    },
    {
      "x1": "870",
      "y1": "360",
      "x2": "990"
    },
    {
      "x1": "1050",
      "y1": "360",
      "x2": "1170"
    }
  ],
  "conpoints": [],
  "diodes": [],
  "customs": [
    {
      "x": "900",
      "y": "270",
      "direction": "0",
      "filename": "\"half_add.json\"",
      "outputsInv": "[false,false]",
      "inputsInv": "[false,false]"
    },
    {
      "x": "990",
      "y": "300",
      "direction": "0",
      "filename": "\"half_add.json\"",
      "outputsInv": "[false,false]",
      "inputsInv": "[false,false]"
    }
  ],
  "labels": [],
  "segDisplays": []
}
