{"caption":"JK-FF","gates":[{"x":"480","y":"180","direction":"0","inputCount":"3","outputCount":"1","logicFunction":"\"and\"","outputsInv":"[false]","inputsInv":"[false,false,false]"},{"x":"480","y":"300","direction":"0","inputCount":"3","outputCount":"1","logicFunction":"\"and\"","outputsInv":"[false]","inputsInv":"[false,false,false]"},{"x":"330","y":"270","direction":"0","inputCount":"2","outputCount":"1","logicFunction":"\"and\"","outputsInv":"[false]","inputsInv":"[true,false]"}],"outputs":[{"x":"930","y":"210","colr":"0","lbl":"Q"},{"x":"930","y":"330","colr":"0","lbl":"Q̅"}],"inputs":[{"x":"255","y":"195","lbl":"J","framecount":"-1","clock":"false"},{"x":"75","y":"285","lbl":">","framecount":"0","clock":"true","speed":"30"},{"x":"255","y":"375","lbl":"K","framecount":"-1","clock":"false"}],"wires":[{"x1":"780","y1":"330","x2":"930"},{"x1":"780","y1":"300","y2":"330"},{"x1":"810","y1":"210","x2":"930"},{"x1":"420","y1":"180","x2":"750"},{"x1":"540","y1":"210","x2":"570"},{"x1":"540","y1":"330","x2":"570"},{"x1":"570","y1":"300","y2":"330"},{"x1":"450","y1":"240","x2":"480"},{"x1":"450","y1":"240","y2":"330"},{"x1":"450","y1":"330","x2":"480"},{"x1":"270","y1":"390","x2":"480"},{"x1":"270","y1":"210","x2":"480"},{"x1":"450","y1":"420","x2":"810"},{"x1":"420","y1":"180","y2":"270"},{"x1":"810","y1":"210","y2":"420"},{"x1":"420","y1":"270","x2":"480"},{"x1":"450","y1":"360","y2":"420"},{"x1":"450","y1":"360","x2":"480"},{"x1":"570","y1":"270","x2":"660"},{"x1":"570","y1":"210","y2":"270"},{"x1":"570","y1":"300","x2":"660"},{"x1":"720","y1":"270","x2":"810"},{"x1":"720","y1":"300","x2":"780"},{"x1":"750","y1":"180","y2":"300"},{"x1":"210","y1":"300","x2":"240"},{"x1":"300","y1":"300","x2":"330"},{"x1":"120","y1":"330","x2":"330"},{"x1":"390","y1":"300","x2":"450"},{"x1":"120","y1":"300","y2":"330"},{"x1":"90","y1":"300","x2":"150"}],"conpoints":[{"x":"750","y":"300"},{"x":"810","y":"270"},{"x":"450","y":"300"},{"x":"120","y":"300"}],"diodes":[],"customs":[{"x":"660","y":"240","direction":"0","filename":"\"rs-flipflop.json\"","outputsInv":"[]","inputsInv":"[]"},{"x":"240","y":"270","direction":"0","filename":"\"1-buffer.json\"","outputsInv":"[]","inputsInv":"[]"},{"x":"150","y":"270","direction":"0","filename":"\"1-buffer.json\"","outputsInv":"[]","inputsInv":"[]"}],"labels":[{"x":"990","y":"210","txt":"Q"},{"x":"990","y":"330","txt":"not Q"},{"x":"180","y":"210","txt":"J"},{"x":"180","y":"390","txt":"K"},{"x":"0","y":"300","txt":"Clk"}],"segDisplays":[]}