{"caption":"NOT","gates":[{"x":"510","y":"150","direction":"0","inputCount":"2","outputCount":"1","logicFunction":"\"and\"","outputsInv":"[true]","inputsInv":"[false,false]"}],"outputs":[{"x":"660","y":"180","colr":"0","lbl":"1"}],"inputs":[{"x":"405","y":"165","framecount":"-1","clock":"false"}],"wires":[{"x1":"420","y1":"180","x2":"510"},{"x1":"450","y1":"210","x2":"510"},{"x1":"450","y1":"180","y2":"210"},{"x1":"570","y1":"180","x2":"660"}],"conpoints":[{"x":"450","y":"180"}],"diodes":[],"customs":[],"labels":[],"segDisplays":[]}