{"caption":"RS-FF","gates":[{"x":"510","y":"270","direction":"0","inputCount":"2","outputCount":"1","logicFunction":"\"and\"","outputsInv":"[false]","inputsInv":"[false,false]"},{"x":"510","y":"360","direction":"0","inputCount":"2","outputCount":"1","logicFunction":"\"and\"","outputsInv":"[false]","inputsInv":"[false,false]"}],"outputs":[{"x":"870","y":"330","colr":"0","lbl":"Q"},{"x":"870","y":"360","colr":"0","lbl":"Q̅"}],"inputs":[{"x":"375","y":"285","lbl":"S","framecount":"-1","clock":"false"},{"x":"375","y":"345","lbl":">","framecount":"0","clock":"true","speed":"30"},{"x":"375","y":"405","lbl":"R","framecount":"-1","clock":"false"}],"wires":[{"x1":"570","y1":"390","x2":"660"},{"x1":"660","y1":"360","y2":"390"},{"x1":"660","y1":"360","x2":"720"},{"x1":"660","y1":"330","x2":"720"},{"x1":"660","y1":"300","y2":"330"},{"x1":"570","y1":"300","x2":"660"},{"x1":"480","y1":"330","x2":"510"},{"x1":"480","y1":"330","y2":"390"},{"x1":"480","y1":"390","x2":"510"},{"x1":"390","y1":"360","x2":"480"},{"x1":"390","y1":"420","x2":"510"},{"x1":"390","y1":"300","x2":"510"},{"x1":"780","y1":"330","x2":"870"},{"x1":"780","y1":"360","x2":"870"}],"conpoints":[{"x":"480","y":"360"}],"diodes":[],"customs":[{"x":"720","y":"300","direction":"0","filename":"\"rs-flipflop.json\"","outputsInv":"[]","inputsInv":"[]"}],"labels":[{"x":"300","y":"300","txt":"R"},{"x":"300","y":"420","txt":"S"},{"x":"930","y":"330","txt":"Q"},{"x":"930","y":"360","txt":"not Q"}],"segDisplays":[]}