{
  "caption": "RS-FF",
  "gates": [
    {
      "x": "300",
      "y": "210",
      "direction": "0",
      "inputCount": "3",
      "outputCount": "1",
      "logicFunction": "\"and\"",
      "outputsInv": "[true]",
      "inputsInv": "[false,true,false]"
    },
    {
      "x": "300",
      "y": "90",
      "direction": "0",
      "inputCount": "2",
      "outputCount": "1",
      "logicFunction": "\"and\"",
      "outputsInv": "[true]",
      "inputsInv": "[true,false]"
    },
    {
      "x": "210",
      "y": "270",
      "direction": "0",
      "inputCount": "1",
      "outputCount": "1",
      "logicFunction": "\"and\"",
      "outputsInv": "[false]",
      "inputsInv": "[false]"
    },
    {
      "x": "420",
      "y": "90",
      "direction": "0",
      "inputCount": "1",
      "outputCount": "1",
      "logicFunction": "\"and\"",
      "outputsInv": "[false]",
      "inputsInv": "[false]"
    },
    {
      "x": "510",
      "y": "90",
      "direction": "0",
      "inputCount": "2",
      "outputCount": "1",
      "logicFunction": "\"and\"",
      "outputsInv": "[false]",
      "inputsInv": "[false,false]"
    }
  ],
  "outputs": [
    {
      "x": "630",
      "y": "120",
      "colr": "0",
      "lbl": "Q"
    },
    {
      "x": "630",
      "y": "240",
      "colr": "0",
      "lbl": "Q̅"
    }
  ],
  "inputs": [
    {
      "x": "135",
      "y": "105",
      "lbl": "S",
      "framecount": "-1",
      "clock": "false"
    },
    {
      "x": "135",
      "y": "255",
      "lbl": "R",
      "framecount": "-1",
      "clock": "false"
    }
  ],
  "segments": [],
  "wires": [
    {
      "x1": "270",
      "y1": "300",
      "x2": "300"
    },
    {
      "x1": "270",
      "y1": "240",
      "x2": "300"
    },
    {
      "x1": "270",
      "y1": "210",
      "y2": "240"
    },
    {
      "x1": "180",
      "y1": "300",
      "x2": "210"
    },
    {
      "x1": "390",
      "y1": "120",
      "y2": "150"
    },
    {
      "x1": "480",
      "y1": "120",
      "x2": "510"
    },
    {
      "x1": "270",
      "y1": "150",
      "x2": "300"
    },
    {
      "x1": "270",
      "y1": "150",
      "y2": "180"
    },
    {
      "x1": "420",
      "y1": "150",
      "y2": "210"
    },
    {
      "x1": "360",
      "y1": "120",
      "x2": "420"
    },
    {
      "x1": "570",
      "y1": "120",
      "x2": "630"
    },
    {
      "x1": "480",
      "y1": "180",
      "y2": "240"
    },
    {
      "x1": "180",
      "y1": "210",
      "y2": "300"
    },
    {
      "x1": "390",
      "y1": "150",
      "x2": "510"
    },
    {
      "x1": "150",
      "y1": "270",
      "x2": "300"
    },
    {
      "x1": "180",
      "y1": "210",
      "x2": "420"
    },
    {
      "x1": "150",
      "y1": "120",
      "x2": "300"
    },
    {
      "x1": "270",
      "y1": "180",
      "x2": "480"
    },
    {
      "x1": "360",
      "y1": "240",
      "x2": "630"
    }
  ],
  "conpoints": [
    {
      "x": "270",
      "y": "210"
    },
    {
      "x": "390",
      "y": "120"
    },
    {
      "x": "420",
      "y": "150"
    },
    {
      "x": "480",
      "y": "240"
    }
  ],
  "diodes": [],
  "customs": [],
  "labels": [
    {
      "x": "60",
      "y": "60",
      "txt": "Asynchonous RS-Flipflop with no forbidden state"
    },
    {
      "x": "60",
      "y": "120",
      "txt": "S"
    },
    {
      "x": "60",
      "y": "270",
      "txt": "R"
    },
    {
      "x": "690",
      "y": "120",
      "txt": "Q"
    },
    {
      "x": "690",
      "y": "240",
      "txt": "not Q"
    }
  ],
  "segDisplays": []
}
