{"caption":"T-FF","gates":[{"x":"690","y":"180","direction":"0","inputCount":"2","outputCount":"1","logicFunction":"\"and\"","outputsInv":"[false]","inputsInv":"[false,false]"},{"x":"690","y":"300","direction":"0","inputCount":"2","outputCount":"1","logicFunction":"\"and\"","outputsInv":"[false]","inputsInv":"[false,false]"},{"x":"450","y":"240","direction":"0","inputCount":"2","outputCount":"1","logicFunction":"\"and\"","outputsInv":"[false]","inputsInv":"[true,false]"}],"outputs":[{"x":"1080","y":"240","colr":"0","lbl":"Q"},{"x":"1080","y":"270","colr":"0","lbl":"Q̅"}],"inputs":[{"x":"615","y":"225","lbl":"T","framecount":"-1","clock":"false"},{"x":"195","y":"255","lbl":">","framecount":"0","clock":"true","speed":"30"}],"wires":[{"x1":"240","y1":"270","y2":"300"},{"x1":"240","y1":"300","x2":"450"},{"x1":"210","y1":"270","x2":"270"},{"x1":"330","y1":"270","x2":"360"},{"x1":"420","y1":"270","x2":"450"},{"x1":"990","y1":"180","y2":"270"},{"x1":"960","y1":"240","y2":"390"},{"x1":"510","y1":"270","x2":"870"},{"x1":"630","y1":"240","x2":"690"},{"x1":"660","y1":"240","y2":"330"},{"x1":"660","y1":"330","x2":"690"},{"x1":"660","y1":"360","y2":"390"},{"x1":"660","y1":"360","x2":"690"},{"x1":"660","y1":"390","x2":"960"},{"x1":"930","y1":"270","x2":"1080"},{"x1":"660","y1":"210","x2":"690"},{"x1":"660","y1":"180","y2":"210"},{"x1":"660","y1":"180","x2":"990"},{"x1":"930","y1":"240","x2":"1080"},{"x1":"750","y1":"210","x2":"810"},{"x1":"810","y1":"210","y2":"240"},{"x1":"810","y1":"240","x2":"870"},{"x1":"810","y1":"300","x2":"870"},{"x1":"810","y1":"300","y2":"330"},{"x1":"750","y1":"330","x2":"810"}],"conpoints":[{"x":"960","y":"240"},{"x":"990","y":"270"},{"x":"660","y":"240"},{"x":"240","y":"270"}],"diodes":[],"customs":[{"x":"870","y":"210","direction":"0","filename":"\"rs-clocked.json\"","outputsInv":"[false,false]","inputsInv":"[]"},{"x":"360","y":"240","direction":"0","filename":"\"1-buffer.json\"","outputsInv":"[]","inputsInv":"[]"},{"x":"270","y":"240","direction":"0","filename":"\"1-buffer.json\"","outputsInv":"[]","inputsInv":"[]"}],"labels":[{"x":"540","y":"240","txt":"T"},{"x":"120","y":"270","txt":"Clk"}],"segDisplays":[]}