{"caption":"Half Adder","gates":[{"x":"210","y":"90","direction":"0","inputCount":"2","outputCount":"1","logicFunction":"\"and\"","outputsInv":"[false]","inputsInv":"[false,false]"},{"x":"210","y":"210","direction":"0","inputCount":"2","outputCount":"1","logicFunction":"\"xor\"","outputsInv":"[false]","inputsInv":"[false,false]"}],"outputs":[{"x":"390","y":"120","colr":"0"},{"x":"390","y":"240","colr":"0"},{"x":"390","y":"420","colr":"0"},{"x":"390","y":"450","colr":"0"}],"inputs":[{"x":"75","y":"105","framecount":"-1","clock":"false"},{"x":"75","y":"135","framecount":"-1","clock":"false"},{"x":"75","y":"405","framecount":"-1","clock":"false"},{"x":"75","y":"435","framecount":"-1","clock":"false"}],"wires":[{"x1":"90","y1":"120","x2":"210"},{"x1":"180","y1":"240","x2":"210"},{"x1":"180","y1":"120","y2":"240"},{"x1":"90","y1":"150","x2":"210"},{"x1":"150","y1":"270","x2":"210"},{"x1":"150","y1":"150","y2":"270"},{"x1":"270","y1":"240","x2":"390"},{"x1":"270","y1":"120","x2":"390"},{"x1":"90","y1":"420","x2":"210"},{"x1":"90","y1":"450","x2":"210"},{"x1":"270","y1":"420","x2":"390"},{"x1":"270","y1":"450","x2":"390"}],"conpoints":[{"x":"180","y":"120"},{"x":"150","y":"150"}],"diodes":[],"customs":[{"x":"210","y":"390","direction":"0","filename":"\"half_add.json\"","outputsInv":"[]","inputsInv":"[]"}],"labels":[{"x":"450","y":"120","txt":"Carry bit"},{"x":"450","y":"240","txt":"Sum"},{"x":"90","y":"60","txt":"Half adder, adds two single binary digits"},{"x":"90","y":"360","txt":"Half adder as a pre-built element"},{"x":"450","y":"420","txt":"Carry bit"},{"x":"450","y":"450","txt":"Sum"}],"segDisplays":[]}