{"caption":"Traffic","gates":[],"outputs":[{"x":"990","y":"120","colr":"0"},{"x":"990","y":"150","colr":"1"},{"x":"990","y":"180","colr":"2"},{"x":"990","y":"300","colr":"0"},{"x":"990","y":"330","colr":"2"}],"inputs":[{"x":"165","y":"135","framecount":"0","clock":"true","speed":"30","lbl":">"}],"wires":[{"x1":"300","y1":"150","x2":"330"},{"x1":"300","y1":"180","x2":"330"},{"x1":"960","y1":"300","x2":"990"},{"x1":"180","y1":"150","x2":"240"},{"x1":"930","y1":"330","y2":"390"},{"x1":"930","y1":"330","x2":"990"},{"x1":"870","y1":"180","y2":"300"},{"x1":"870","y1":"180","x2":"990"},{"x1":"960","y1":"300","y2":"420"},{"x1":"510","y1":"120","y2":"300"},{"x1":"480","y1":"120","y2":"330"},{"x1":"450","y1":"120","y2":"360"},{"x1":"810","y1":"120","x2":"990"},{"x1":"810","y1":"120","y2":"360"},{"x1":"840","y1":"150","y2":"330"},{"x1":"840","y1":"150","x2":"990"},{"x1":"390","y1":"150","x2":"660"},{"x1":"390","y1":"180","x2":"660"},{"x1":"390","y1":"210","x2":"660"},{"x1":"390","y1":"240","x2":"660"},{"x1":"630","y1":"120","y2":"390"},{"x1":"600","y1":"120","y2":"420"},{"x1":"450","y1":"360","x2":"810"},{"x1":"480","y1":"330","x2":"840"},{"x1":"510","y1":"300","x2":"870"},{"x1":"630","y1":"390","x2":"930"},{"x1":"600","y1":"420","x2":"960"}],"conpoints":[],"diodes":[{"x":"450","y":"150"},{"x":"630","y":"150"},{"x":"450","y":"180"},{"x":"480","y":"180"},{"x":"600","y":"180"},{"x":"510","y":"210"},{"x":"600","y":"210"},{"x":"480","y":"240"},{"x":"600","y":"240"}],"customs":[{"x":"330","y":"120","direction":"0","filename":"\"2-decoder.json\"","outputsInv":"[false,false,false,false]","inputsInv":"[false,false]"},{"x":"240","y":"120","direction":"0","filename":"\"2-counter.json\"","outputsInv":"[false,false]","inputsInv":"[false]"}],"labels":[{"x":"60","y":"60","txt":"This sketch simulates a traffic light\nusing a diode matrix"},{"x":"1050","y":"120","txt":"Road traffic"},{"x":"1050","y":"300","txt":"Pedestrians"},{"x":"60","y":"150","txt":"Clock"}],"segDisplays":[]}