{"caption":"Counter","gates":[{"x":"750","y":"270","direction":"0","inputCount":"2","outputCount":"1","logicFunction":"\"xor\"","outputsInv":"[false]","inputsInv":"[false,false]"},{"x":"1020","y":"300","direction":"0","inputCount":"2","outputCount":"1","logicFunction":"\"and\"","outputsInv":"[false]","inputsInv":"[false,false]"},{"x":"1380","y":"300","direction":"0","inputCount":"3","outputCount":"1","logicFunction":"\"and\"","outputsInv":"[false]","inputsInv":"[false,false,false]"},{"x":"1470","y":"270","direction":"0","inputCount":"2","outputCount":"1","logicFunction":"\"xor\"","outputsInv":"[false]","inputsInv":"[false,false]"},{"x":"1110","y":"270","direction":"0","inputCount":"2","outputCount":"1","logicFunction":"\"xor\"","outputsInv":"[false]","inputsInv":"[false,false]"}],"outputs":[{"x":"1710","y":"150","colr":"0"},{"x":"1320","y":"150","colr":"0"},{"x":"960","y":"150","colr":"0"},{"x":"690","y":"150","colr":"0"}],"inputs":[{"x":"495","y":"405","lbl":">","framecount":"0","clock":"true","speed":"30"}],"wires":[{"x1":"660","y1":"360","x2":"690"},{"x1":"570","y1":"300","y2":"330"},{"x1":"570","y1":"330","x2":"600"},{"x1":"1560","y1":"360","x2":"1590"},{"x1":"840","y1":"360","x2":"870"},{"x1":"570","y1":"360","x2":"600"},{"x1":"1200","y1":"360","x2":"1230"},{"x1":"810","y1":"300","x2":"840"},{"x1":"840","y1":"300","y2":"330"},{"x1":"840","y1":"330","x2":"870"},{"x1":"930","y1":"330","x2":"960"},{"x1":"720","y1":"300","x2":"750"},{"x1":"1350","y1":"330","x2":"1380"},{"x1":"1350","y1":"390","x2":"1380"},{"x1":"1080","y1":"270","y2":"300"},{"x1":"1080","y1":"300","x2":"1110"},{"x1":"1080","y1":"330","x2":"1110"},{"x1":"990","y1":"330","x2":"1020"},{"x1":"1170","y1":"300","x2":"1200"},{"x1":"1200","y1":"300","y2":"330"},{"x1":"1200","y1":"330","x2":"1230"},{"x1":"1290","y1":"330","x2":"1320"},{"x1":"1440","y1":"270","y2":"300"},{"x1":"1440","y1":"300","x2":"1470"},{"x1":"1440","y1":"330","x2":"1470"},{"x1":"1530","y1":"300","x2":"1560"},{"x1":"1560","y1":"300","y2":"330"},{"x1":"1560","y1":"330","x2":"1590"},{"x1":"1560","y1":"360","y2":"420"},{"x1":"840","y1":"360","y2":"420"},{"x1":"570","y1":"360","y2":"420"},{"x1":"1200","y1":"360","y2":"420"},{"x1":"960","y1":"360","x2":"1020"},{"x1":"1350","y1":"390","y2":"450"},{"x1":"1320","y1":"360","x2":"1380"},{"x1":"1650","y1":"330","x2":"1710"},{"x1":"1680","y1":"270","y2":"330"},{"x1":"690","y1":"300","y2":"360"},{"x1":"720","y1":"330","y2":"390"},{"x1":"660","y1":"330","x2":"750"},{"x1":"570","y1":"300","x2":"690"},{"x1":"720","y1":"210","y2":"300"},{"x1":"1350","y1":"210","y2":"330"},{"x1":"690","y1":"150","y2":"270"},{"x1":"540","y1":"270","y2":"390"},{"x1":"960","y1":"150","y2":"360"},{"x1":"1320","y1":"150","y2":"360"},{"x1":"1080","y1":"270","x2":"1320"},{"x1":"990","y1":"180","y2":"330"},{"x1":"540","y1":"270","x2":"690"},{"x1":"1710","y1":"150","y2":"330"},{"x1":"1440","y1":"270","x2":"1680"},{"x1":"540","y1":"390","x2":"720"},{"x1":"1740","y1":"180","y2":"450"},{"x1":"1350","y1":"450","x2":"1740"},{"x1":"720","y1":"210","x2":"1350"},{"x1":"510","y1":"420","x2":"1560"},{"x1":"690","y1":"180","x2":"1740"}],"conpoints":[{"x":"840","y":"420"},{"x":"570","y":"420"},{"x":"1200","y":"420"},{"x":"960","y":"330"},{"x":"960","y":"210"},{"x":"1320","y":"270"},{"x":"990","y":"180"},{"x":"690","y":"180"},{"x":"1320","y":"330"},{"x":"1680","y":"330"},{"x":"720","y":"330"}],"diodes":[],"customs":[{"x":"600","y":"300","direction":"0","filename":"\"d-flipflop.json\"","outputsInv":"[false,false,false,false,false,false]","inputsInv":"[false,false,false,false,false,false]"},{"x":"870","y":"300","direction":"0","filename":"\"d-flipflop.json\"","outputsInv":"[false,false,false,false,false,false]","inputsInv":"[false,false,false,false,false,false]"},{"x":"1230","y":"300","direction":"0","filename":"\"d-flipflop.json\"","outputsInv":"[false,false,false,false,false,false,false,false]","inputsInv":"[false,false,false,false,false,false,false,false]"},{"x":"1590","y":"300","direction":"0","filename":"\"d-flipflop.json\"","outputsInv":"[false,false,false,false,false,false]","inputsInv":"[false,false,false,false,false,false]"}],"labels":[{"x":"390","y":"420","txt":"Clock"},{"x":"690","y":"90","txt":"LSB (least significant bit)"},{"x":"1710","y":"90","txt":"MSB (most significant bit)"}],"segDisplays":[]}