{
  "caption": "Full Adder",
  "gates": [
    {
      "x": "210",
      "y": "90",
      "direction": "0",
      "inputCount": "2",
      "outputCount": "1",
      "logicFunction": "\"and\"",
      "outputsInv": "[false]",
      "inputsInv": "[false,false]"
    },
    {
      "x": "210",
      "y": "210",
      "direction": "0",
      "inputCount": "2",
      "outputCount": "1",
      "logicFunction": "\"xor\"",
      "outputsInv": "[false]",
      "inputsInv": "[false,false]"
    },
    {
      "x": "390",
      "y": "120",
      "direction": "0",
      "inputCount": "2",
      "outputCount": "1",
      "logicFunction": "\"and\"",
      "outputsInv": "[false]",
      "inputsInv": "[false,false]"
    },
    {
      "x": "390",
      "y": "240",
      "direction": "0",
      "inputCount": "2",
      "outputCount": "1",
      "logicFunction": "\"xor\"",
      "outputsInv": "[false]",
      "inputsInv": "[false,false]"
    },
    {
      "x": "570",
      "y": "90",
      "direction": "0",
      "inputCount": "2",
      "outputCount": "1",
      "logicFunction": "\"or\"",
      "outputsInv": "[false]",
      "inputsInv": "[false,false]"
    },
    {
      "x": "570",
      "y": "420",
      "direction": "0",
      "inputCount": "2",
      "outputCount": "1",
      "logicFunction": "\"or\"",
      "outputsInv": "[false]",
      "inputsInv": "[false,false]"
    }
  ],
  "outputs": [
    {
      "x": "720",
      "y": "120",
      "colr": "0"
    },
    {
      "x": "720",
      "y": "270",
      "colr": "0"
    },
    {
      "x": "720",
      "y": "450",
      "colr": "0"
    },
    {
      "x": "720",
      "y": "510",
      "colr": "0"
    },
    {
      "x": "720",
      "y": "660",
      "colr": "0"
    },
    {
      "x": "720",
      "y": "690",
      "colr": "0"
    }
  ],
  "inputs": [
    {
      "x": "75",
      "y": "105",
      "framecount": "-1",
      "clock": "false"
    },
    {
      "x": "75",
      "y": "135",
      "framecount": "-1",
      "clock": "false"
    },
    {
      "x": "75",
      "y": "165",
      "framecount": "-1",
      "clock": "false"
    },
    {
      "x": "75",
      "y": "435",
      "framecount": "-1",
      "clock": "false"
    },
    {
      "x": "75",
      "y": "465",
      "framecount": "-1",
      "clock": "false"
    },
    {
      "x": "75",
      "y": "495",
      "framecount": "-1",
      "clock": "false"
    },
    {
      "x": "75",
      "y": "645",
      "framecount": "-1",
      "clock": "false"
    },
    {
      "x": "75",
      "y": "675",
      "framecount": "-1",
      "clock": "false"
    },
    {
      "x": "75",
      "y": "705",
      "framecount": "-1",
      "clock": "false"
    }
  ],
  "wires": [
    {
      "x1": "360",
      "y1": "270",
      "x2": "390"
    },
    {
      "x1": "360",
      "y1": "150",
      "y2": "270"
    },
    {
      "x1": "360",
      "y1": "150",
      "x2": "390"
    },
    {
      "x1": "330",
      "y1": "300",
      "x2": "390"
    },
    {
      "x1": "330",
      "y1": "180",
      "y2": "300"
    },
    {
      "x1": "90",
      "y1": "180",
      "x2": "390"
    },
    {
      "x1": "150",
      "y1": "270",
      "x2": "210"
    },
    {
      "x1": "150",
      "y1": "150",
      "y2": "270"
    },
    {
      "x1": "90",
      "y1": "150",
      "x2": "210"
    },
    {
      "x1": "180",
      "y1": "240",
      "x2": "210"
    },
    {
      "x1": "180",
      "y1": "120",
      "y2": "240"
    },
    {
      "x1": "90",
      "y1": "120",
      "x2": "210"
    },
    {
      "x1": "450",
      "y1": "150",
      "x2": "570"
    },
    {
      "x1": "450",
      "y1": "270",
      "x2": "720"
    },
    {
      "x1": "630",
      "y1": "120",
      "x2": "720"
    },
    {
      "x1": "270",
      "y1": "120",
      "x2": "570"
    },
    {
      "x1": "270",
      "y1": "240",
      "x2": "360"
    },
    {
      "x1": "270",
      "y1": "450",
      "x2": "570"
    },
    {
      "x1": "270",
      "y1": "480",
      "x2": "390"
    },
    {
      "x1": "90",
      "y1": "510",
      "x2": "390"
    },
    {
      "x1": "90",
      "y1": "480",
      "x2": "210"
    },
    {
      "x1": "90",
      "y1": "450",
      "x2": "210"
    },
    {
      "x1": "450",
      "y1": "480",
      "x2": "570"
    },
    {
      "x1": "450",
      "y1": "510",
      "x2": "720"
    },
    {
      "x1": "630",
      "y1": "450",
      "x2": "720"
    },
    {
      "x1": "90",
      "y1": "660",
      "x2": "210"
    },
    {
      "x1": "90",
      "y1": "690",
      "x2": "210"
    },
    {
      "x1": "90",
      "y1": "720",
      "x2": "210"
    },
    {
      "x1": "270",
      "y1": "660",
      "x2": "720"
    },
    {
      "x1": "270",
      "y1": "690",
      "x2": "720"
    }
  ],
  "conpoints": [
    {
      "x": "180",
      "y": "120"
    },
    {
      "x": "360",
      "y": "240"
    },
    {
      "x": "150",
      "y": "150"
    },
    {
      "x": "330",
      "y": "180"
    }
  ],
  "diodes": [],
  "customs": [
    {
      "x": "210",
      "y": "420",
      "direction": "0",
      "filename": "\"half_add.json\"",
      "outputsInv": "[]",
      "inputsInv": "[]"
    },
    {
      "x": "390",
      "y": "450",
      "direction": "0",
      "filename": "\"half_add.json\"",
      "outputsInv": "[]",
      "inputsInv": "[]"
    },
    {
      "x": "210",
      "y": "630",
      "direction": "0",
      "filename": "\"full_add.json\"",
      "outputsInv": "[]",
      "inputsInv": "[]"
    }
  ],
  "labels": [
    {
      "x": "90",
      "y": "60",
      "txt": "Full adder, made using only basic gates"
    },
    {
      "x": "90",
      "y": "390",
      "txt": "Full adder, made from two half adders"
    },
    {
      "x": "90",
      "y": "600",
      "txt": "Full adder as a pre-built element"
    },
    {
      "x": "780",
      "y": "120",
      "txt": "Carry out"
    },
    {
      "x": "780",
      "y": "270",
      "txt": "Sum"
    },
    {
      "x": "780",
      "y": "450",
      "txt": "Carry out"
    },
    {
      "x": "780",
      "y": "510",
      "txt": "Sum"
    },
    {
      "x": "780",
      "y": "660",
      "txt": "Carry out"
    },
    {
      "x": "780",
      "y": "690",
      "txt": "Sum"
    },
    {
      "x": "0",
      "y": "120",
      "txt": "A"
    },
    {
      "x": "0",
      "y": "150",
      "txt": "B"
    },
    {
      "x": "0",
      "y": "450",
      "txt": "A"
    },
    {
      "x": "0",
      "y": "480",
      "txt": "B"
    },
    {
      "x": "0",
      "y": "660",
      "txt": "A"
    },
    {
      "x": "0",
      "y": "690",
      "txt": "B"
    },
    {
      "x": "-60",
      "y": "180",
      "txt": "Carry in"
    },
    {
      "x": "-60",
      "y": "510",
      "txt": "Carry in"
    },
    {
      "x": "-60",
      "y": "720",
      "txt": "Carry in"
    }
  ],
  "segDisplays": []
}
