{"caption":"Tour","gates":[{"x":"210","y":"210","direction":"0","inputCount":"2","outputCount":"1","logicFunction":"\"and\"","outputsInv":"[false]","inputsInv":"[false,false]"},{"x":"210","y":"360","direction":"0","inputCount":"2","outputCount":"1","logicFunction":"\"or\"","outputsInv":"[false]","inputsInv":"[false,false]"},{"x":"210","y":"510","direction":"0","inputCount":"2","outputCount":"1","logicFunction":"\"xor\"","outputsInv":"[false]","inputsInv":"[false,false]"},{"x":"1380","y":"240","direction":"0","inputCount":"2","outputCount":"1","logicFunction":"\"or\"","outputsInv":"[true]","inputsInv":"[false,false]"},{"x":"1380","y":"360","direction":"0","inputCount":"2","outputCount":"1","logicFunction":"\"or\"","outputsInv":"[true]","inputsInv":"[false,false]"},{"x":"1080","y":"600","direction":"0","inputCount":"2","outputCount":"1","logicFunction":"\"and\"","outputsInv":"[false]","inputsInv":"[false,false]"},{"x":"1080","y":"720","direction":"0","inputCount":"2","outputCount":"1","logicFunction":"\"xor\"","outputsInv":"[false]","inputsInv":"[false,false]"}],"outputs":[{"x":"330","y":"240","colr":"0"},{"x":"330","y":"390","colr":"0"},{"x":"330","y":"540","colr":"0"},{"x":"1560","y":"270","colr":"0"},{"x":"1560","y":"390","colr":"0"},{"x":"1260","y":"630","colr":"0"},{"x":"1260","y":"750","colr":"0"},{"x":"690","y":"60","colr":"0"},{"x":"690","y":"90","colr":"1"},{"x":"690","y":"120","colr":"2"},{"x":"690","y":"150","colr":"3"},{"x":"1200","y":"90","colr":"0"}],"inputs":[{"x":"105","y":"165","framecount":"-1","clock":"false"},{"x":"165","y":"165","framecount":"-1","clock":"false"},{"x":"1275","y":"255","framecount":"-1","clock":"false"},{"x":"1275","y":"405","framecount":"-1","clock":"false"},{"x":"315","y":"705","framecount":"0","clock":"true","speed":"30"},{"x":"945","y":"615","framecount":"-1","clock":"false"},{"x":"945","y":"645","framecount":"-1","clock":"false"},{"x":"315","y":"45","framecount":"0","clock":"true","speed":"15"},{"x":"945","y":"75","framecount":"0","clock":"false"}],"wires":[{"x1":"180","y1":"570","x2":"210"},{"x1":"180","y1":"180","y2":"570"},{"x1":"180","y1":"270","x2":"210"},{"x1":"180","y1":"420","x2":"210"},{"x1":"120","y1":"540","x2":"210"},{"x1":"120","y1":"180","y2":"540"},{"x1":"120","y1":"390","x2":"210"},{"x1":"120","y1":"240","x2":"210"},{"x1":"270","y1":"240","x2":"330"},{"x1":"270","y1":"390","x2":"330"},{"x1":"270","y1":"540","x2":"330"},{"x1":"1350","y1":"360","x2":"1470"},{"x1":"1440","y1":"390","x2":"1560"},{"x1":"1470","y1":"360","y2":"390"},{"x1":"1350","y1":"300","x2":"1380"},{"x1":"1350","y1":"300","y2":"360"},{"x1":"1440","y1":"270","x2":"1560"},{"x1":"1500","y1":"270","y2":"330"},{"x1":"1320","y1":"330","x2":"1500"},{"x1":"1320","y1":"330","y2":"390"},{"x1":"1320","y1":"390","x2":"1380"},{"x1":"1290","y1":"270","x2":"1380"},{"x1":"1290","y1":"420","x2":"1380"},{"x1":"480","y1":"720","x2":"510"},{"x1":"510","y1":"690","y2":"720"},{"x1":"480","y1":"750","x2":"540"},{"x1":"540","y1":"690","y2":"750"},{"x1":"480","y1":"780","x2":"570"},{"x1":"570","y1":"690","y2":"780"},{"x1":"480","y1":"810","x2":"600"},{"x1":"600","y1":"690","y2":"810"},{"x1":"330","y1":"720","x2":"420"},{"x1":"960","y1":"630","x2":"1080"},{"x1":"960","y1":"660","x2":"1080"},{"x1":"1050","y1":"750","x2":"1080"},{"x1":"1050","y1":"630","y2":"750"},{"x1":"1020","y1":"780","x2":"1080"},{"x1":"1020","y1":"660","y2":"780"},{"x1":"1140","y1":"630","x2":"1260"},{"x1":"1140","y1":"750","x2":"1260"},{"x1":"480","y1":"90","x2":"570"},{"x1":"480","y1":"60","x2":"570"},{"x1":"330","y1":"60","x2":"420"},{"x1":"630","y1":"60","x2":"690"},{"x1":"630","y1":"90","x2":"690"},{"x1":"630","y1":"120","x2":"690"},{"x1":"630","y1":"150","x2":"690"},{"x1":"960","y1":"90","x2":"1050"},{"x1":"1110","y1":"90","x2":"1200"}],"conpoints":[{"x":"180","y":"270"},{"x":"180","y":"420"},{"x":"120","y":"390"},{"x":"120","y":"240"},{"x":"1500","y":"270"},{"x":"1470","y":"390"},{"x":"1050","y":"630"},{"x":"1020","y":"660"}],"diodes":[],"customs":[{"x":"420","y":"690","direction":"0","filename":"\"4-counter.json\"","outputsInv":"[]","inputsInv":"[]"},{"x":"570","y":"30","direction":"0","filename":"\"2-decoder.json\"","outputsInv":"[]","inputsInv":"[]"},{"x":"420","y":"30","direction":"0","filename":"\"2-counter.json\"","outputsInv":"[]","inputsInv":"[]"},{"x":"1050","y":"60","direction":"0","filename":"\"not-gate.json\"","outputsInv":"[]","inputsInv":"[]"}],"labels":[],"segDisplays":[{"x":"480","y":"600","inputCount":"4","inputsInv":"[false,false,false,false]"}]}