{"caption":"Gates","gates":[{"x":"510","y":"210","direction":"0","inputCount":"2","outputCount":"1","logicFunction":"\"and\"","outputsInv":"[false]","inputsInv":"[false,false]"},{"x":"510","y":"360","direction":"0","inputCount":"2","outputCount":"1","logicFunction":"\"or\"","outputsInv":"[false]","inputsInv":"[false,false]"},{"x":"510","y":"510","direction":"0","inputCount":"2","outputCount":"1","logicFunction":"\"xor\"","outputsInv":"[false]","inputsInv":"[false,false]"}],"outputs":[{"x":"630","y":"240","colr":"0"},{"x":"630","y":"390","colr":"0"},{"x":"630","y":"540","colr":"0"}],"inputs":[{"x":"405","y":"165","framecount":"-1","clock":"false"},{"x":"465","y":"165","framecount":"-1","clock":"false"}],"wires":[{"x1":"420","y1":"240","x2":"510"},{"x1":"420","y1":"390","x2":"510"},{"x1":"420","y1":"540","x2":"510"},{"x1":"480","y1":"570","x2":"510"},{"x1":"480","y1":"180","y2":"570"},{"x1":"480","y1":"270","x2":"510"},{"x1":"480","y1":"420","x2":"510"},{"x1":"420","y1":"180","y2":"540"},{"x1":"570","y1":"540","x2":"630"},{"x1":"570","y1":"390","x2":"630"},{"x1":"570","y1":"240","x2":"630"}],"conpoints":[{"x":"480","y":"270"},{"x":"480","y":"420"},{"x":"420","y":"240"},{"x":"420","y":"390"}],"diodes":[],"customs":[],"labels":[{"x":"720","y":"240","txt":"AND"},{"x":"720","y":"390","txt":"OR"},{"x":"720","y":"540","txt":"XOR"},{"x":"420","y":"60","txt":"This sketch demonstrates the three basic logic gates,\nas well as input and output elements.\nClick on \"Start\" to start the simulation."}],"segDisplays":[]}